	汉字	形声	形	声
0	一	0	NA	NA
1	丁	0	NA	NA
2	七	0	NA	NA
3	万	0	NA	NA
4	丈	0	NA	NA
5	三	0	NA	NA
6	上	0	NA	NA
7	下	0	NA	NA
8	不	0	NA	NA
9	与	0	NA	NA
10	丐	0	NA	NA
11	丑	0	NA	NA
12	专	0	NA	NA
13	且	0	NA	NA
14	丕	0	NA	NA
15	世	0	NA	NA
16	丘	0	NA	NA
17	丙	0	NA	NA
18	业	0	NA	NA
19	丛	0	NA	NA
20	东	0	NA	NA
21	丝	0	NA	NA
22	丞	1	廾	丞
23	両	0	NA	NA
24	丢	0	NA	NA
25	两	0	NA	NA
26	严	1	喦	敢
27	丧	1	亡	桑
28	丨	0	NA	NA
29	个	1	人	固
30	丫	0	NA	NA
31	中	0	NA	NA
32	丰	0	NA	NA
33	串	0	NA	NA
34	临	1	臣	品
35	丶	0	NA	NA
36	丸	1	𨸏	完
37	丹	0	NA	NA
38	为	0	NA	NA
39	主	0	NA	NA
40	丼	0	NA	NA
41	丽	0	NA	NA
42	举	1	手	與
43	丿	0	NA	NA
44	乂	0	NA	NA
45	乃	0	NA	NA
46	久	0	NA	NA
47	么	0	NA	NA
48	义	1	羊	我
49	之	0	NA	NA
50	乌	0	NA	NA
51	乍	0	NA	NA
52	乎	0	NA	NA
53	乏	0	NA	NA
54	乐	0	NA	NA
55	乒	0	NA	NA
56	乓	0	NA	NA
57	乔	0	NA	NA
58	乖	0	NA	NA
59	乗	0	NA	NA
60	乘	0	NA	NA
61	乙	0	NA	NA
62	乜	0	NA	NA
63	九	0	NA	NA
64	乞	0	NA	NA
65	也	0	NA	NA
66	习	1	日	彗
67	乡	0	NA	NA
68	书	0	NA	NA
69	乩	1	木	幾
70	买	0	NA	NA
71	乱	0	NA	NA
72	乳	0	NA	NA
73	乾	0	NA	NA
74	亀	0	NA	NA
75	了	0	NA	NA
76	予	0	NA	NA
77	争	0	NA	NA
78	事	0	NA	NA
79	二	0	NA	NA
80	于	0	NA	NA
81	亏	0	NA	NA
82	云	1	上	)
83	互	0	NA	NA
84	五	0	NA	NA
85	井	0	NA	NA
86	亘	0	NA	NA
87	亚	0	NA	NA
88	些	0	NA	NA
89	亜	0	NA	NA
90	亟	0	NA	NA
91	亡	0	NA	NA
92	亢	0	NA	NA
93	交	0	NA	NA
94	亥	0	NA	NA
95	亦	0	NA	NA
96	产	0	NA	NA
97	亨	0	NA	NA
98	亩	0	NA	NA
99	享	0	NA	NA
100	京	0	NA	NA
101	亭	1	京	丁
102	亮	0	NA	NA
103	亲	0	NA	NA
104	亳	1	高	乇
105	亵	1	衣	埶
106	人	0	NA	NA
107	亿	1	人	𢡃
108	什	0	NA	NA
109	仁	1	人	身
110	仃	0	NA	NA
111	仄	0	NA	NA
112	仅	1	人	堇
113	仆	0	NA	NA
114	仇	1	人	九
115	今	0	NA	NA
116	介	0	NA	NA
117	仍	1	人	乃
118	从	0	NA	NA
119	仏	0	NA	NA
120	仑	0	NA	NA
121	仓	0	NA	NA
122	仔	1	人	子
123	仕	1	人	士
124	他	0	NA	NA
125	仗	1	人	丈
126	付	0	NA	NA
127	仙	0	NA	NA
128	仝	0	NA	NA
129	仞	1	言	忍
130	仟	1	一	人
131	代	1	人	弋
132	令	0	NA	NA
133	以	0	NA	NA
134	仨	0	NA	NA
135	仪	0	NA	NA
136	们	1	人	門
137	仮	0	NA	NA
138	仰	0	NA	NA
139	仲	0	NA	NA
140	件	0	NA	NA
141	价	0	NA	NA
142	任	1	人	壬
143	份	1	人	分
144	仿	1	人	方
145	企	0	NA	NA
146	伉	1	石	廣
147	伊	1	人	尹
148	伍	0	NA	NA
149	伎	0	NA	NA
150	伏	0	NA	NA
151	伐	0	NA	NA
152	休	0	NA	NA
153	伕	0	NA	NA
154	众	0	NA	NA
155	优	1	人	憂
156	伙	0	NA	NA
157	会	0	NA	NA
158	伝	0	NA	NA
159	伞	0	NA	NA
160	伟	1	人	韋
161	传	1	人	專
162	伢	0	NA	NA
163	伤	0	NA	NA
164	伦	0	NA	NA
165	伪	0	NA	NA
166	伫	0	NA	NA
167	伯	1	人	白
168	估	1	人	古
169	伴	1	人	半
170	伶	1	人	令
171	伸	1	人	申
172	伺	1	人	司
173	似	1	人	㠯
174	伽	1	人	加
175	佃	1	人	田
176	但	1	人	旦
177	位	1	大	胃
178	低	0	NA	NA
179	住	1	人	主
180	佐	1	人	左
181	佑	1	人	右
182	体	1	骨	豊
183	何	0	NA	NA
184	佗	1	人	它
185	佘	0	NA	NA
186	余	0	NA	NA
187	佚	1	人	失
188	佛	1	人	弗
189	作	0	NA	NA
190	佝	0	NA	NA
191	佞	0	NA	NA
192	佟	0	NA	NA
193	你	0	NA	NA
194	佢	1	足	巨
195	佣	1	人	用
196	佤	0	NA	NA
197	佥	0	NA	NA
198	佩	1	人	佩
199	佬	1	人	老
200	佯	0	NA	NA
201	佰	1	一	白
202	佳	1	人	圭
203	佶	1	口	气
204	佻	1	人	兆
205	佼	1	人	交
206	使	1	人	吏
207	侃	0	NA	NA
208	侄	0	NA	NA
209	侈	1	人	多
210	例	1	人	列
211	侍	1	人	寺
212	侏	1	月	𠦝
213	侑	0	NA	NA
214	侗	1	力	重
215	供	1	人	共
216	依	0	NA	NA
217	侠	1	人	夾
218	価	0	NA	NA
219	侣	1	人	呂
220	侥	1	人	堯
221	侦	1	人	貞
222	侧	1	人	則
223	侨	1	人	喬
224	侬	0	NA	NA
225	侮	0	NA	NA
226	侯	0	NA	NA
227	侵	0	NA	NA
228	便	0	NA	NA
229	促	1	人	足
230	俄	1	人	我
231	俊	1	人	夋
232	俎	0	NA	NA
233	俏	1	人	肖
234	俐	0	NA	NA
235	俑	1	手	雝
236	俗	1	人	谷
237	俘	0	NA	NA
238	俚	1	玉	里
239	保	0	NA	NA
240	俞	1	凡	余
241	俟	0	NA	NA
242	信	0	NA	NA
243	俨	1	人	嚴
244	俩	1	人	兩
245	俪	0	NA	NA
246	俭	1	人	僉
247	修	1	彡	攸
248	俯	1	勹	府
249	俱	1	人	具
250	俳	1	手	非
251	俸	1	水	乏
252	俺	1	人	奄
253	俾	0	NA	NA
254	倌	0	NA	NA
255	倍	1	人	咅
256	倏	1	犬	攸
257	倒	1	人	到
258	倔	1	人	屈
259	倘	1	人	尚
260	候	1	人	矦
261	倚	1	人	奇
262	倜	1	足	翟
263	借	1	人	昔
264	倡	1	人	昌
265	値	0	NA	NA
266	倦	1	人	龹
267	倩	0	NA	NA
268	倪	0	NA	NA
269	倬	1	木	卓
270	倭	0	NA	NA
271	倶	0	NA	NA
272	债	0	NA	NA
273	值	1	人	直
274	倾	0	NA	NA
275	偃	1	手	奄
276	假	1	人	叚
277	偈	1	人	曷
278	偌	1	人	若
279	偎	1	人	畏
280	偏	1	人	扁
281	偕	1	𨸏	皆
282	做	0	NA	NA
283	停	1	人	停
284	健	1	人	建
285	偶	1	人	禺
286	偷	0	NA	NA
287	偻	0	NA	NA
288	偿	1	人	賞
289	傀	1	人	鬼
290	傅	1	人	尃
291	傍	1	人	旁
292	傢	1	人	家
293	傣	0	NA	NA
294	傥	0	NA	NA
295	储	1	人	諸
296	傩	0	NA	NA
297	催	1	人	崔
298	傲	0	NA	NA
299	傻	0	NA	NA
300	働	0	NA	NA
301	像	0	NA	NA
302	僖	1	巾	爻
303	僚	1	人	尞
304	僧	1	人	曾
305	僭	0	NA	NA
306	僮	1	人	童
307	僵	1	人	畺
308	僻	1	人	辟
309	儆	1	土	竟
310	儋	1	人	詹
311	儒	1	人	需
312	儡	1	人	畾
313	儿	0	NA	NA
314	兀	1	一	兀
315	允	0	NA	NA
316	元	0	NA	NA
317	兄	0	NA	NA
318	充	0	NA	NA
319	兆	0	NA	NA
320	先	0	NA	NA
321	光	1	火	光
322	克	0	NA	NA
323	免	0	NA	NA
324	児	0	NA	NA
325	兑	0	NA	NA
326	兔	0	NA	NA
327	兖	0	NA	NA
328	党	1	黑	尚
329	兜	0	NA	NA
330	兢	0	NA	NA
331	入	0	NA	NA
332	全	0	NA	NA
333	八	0	NA	NA
334	公	1	瓦	公
335	六	0	NA	NA
336	兮	0	NA	NA
337	兰	1	艸	闌
338	共	0	NA	NA
339	兲	0	NA	NA
340	关	0	NA	NA
341	兴	0	NA	NA
342	兵	0	NA	NA
343	其	0	NA	NA
344	具	0	NA	NA
345	典	0	NA	NA
346	兹	0	NA	NA
347	养	1	食	羊
348	兼	0	NA	NA
349	兽	0	NA	NA
350	冀	0	NA	NA
351	内	0	NA	NA
352	円	0	NA	NA
353	冇	0	NA	NA
354	冈	1	山	网
355	冉	0	NA	NA
356	册	0	NA	NA
357	再	0	NA	NA
358	冏	0	NA	NA
359	冒	0	NA	NA
360	冕	1	冃	免
361	冗	1	手	雝
362	写	1	宀	舄
363	军	1	勹	勻
364	农	0	NA	NA
365	冠	0	NA	NA
366	冢	0	NA	NA
367	冤	0	NA	NA
368	冥	1	日	冖
369	冬	0	NA	NA
370	冯	1	馬	冫
371	冰	0	NA	NA
372	冲	0	NA	NA
373	决	0	NA	NA
374	况	0	NA	NA
375	冶	0	NA	NA
376	冷	1	仌	令
377	冻	1	仌	東
378	冼	0	NA	NA
379	冽	1	仌	列
380	净	0	NA	NA
381	凄	0	NA	NA
382	准	0	NA	NA
383	凇	0	NA	NA
384	凉	0	NA	NA
385	凋	1	仌	周
386	凌	0	NA	NA
387	减	0	NA	NA
388	凑	0	NA	NA
389	凛	0	NA	NA
390	凝	0	NA	NA
391	几	0	NA	NA
392	凡	0	NA	NA
393	凤	1	鳥	凡
394	処	0	NA	NA
395	凭	0	NA	NA
396	凯	1	几	豈
397	凰	0	NA	NA
398	凳	1	几	登
399	凶	0	NA	NA
400	凸	0	NA	NA
401	凹	0	NA	NA
402	出	0	NA	NA
403	击	1	手	毄
404	函	0	NA	NA
405	凿	1	金	𣫞
406	刀	0	NA	NA
407	刁	0	NA	NA
408	刃	0	NA	NA
409	分	0	NA	NA
410	切	1	刀	七
411	刈	0	NA	NA
412	刊	1	刀	干
413	刍	0	NA	NA
414	刎	1	又	每
415	刑	0	NA	NA
416	划	1	刀	戈
417	列	0	NA	NA
418	刘	0	NA	NA
419	则	0	NA	NA
420	刚	0	NA	NA
421	创	1	刀	倉
422	初	0	NA	NA
423	删	0	NA	NA
424	判	1	刀	半
425	刨	1	刀	包
426	利	0	NA	NA
427	别	0	NA	NA
428	刮	1	刀	𠯑
429	到	1	至	刀
430	制	0	NA	NA
431	刷	0	NA	NA
432	券	1	刀	龹
433	刹	0	NA	NA
434	刺	0	NA	NA
435	刻	1	刀	亥
436	刽	0	NA	NA
437	剁	0	NA	NA
438	剂	0	NA	NA
439	剃	1	刀	弟
440	削	1	刀	肖
441	剌	0	NA	NA
442	前	0	NA	NA
443	剐	0	NA	NA
444	剑	1	金	僉
445	剔	1	刀	易
446	剖	1	刀	咅
447	剜	0	NA	NA
448	剣	0	NA	NA
449	剤	0	NA	NA
450	剥	0	NA	NA
451	剧	0	NA	NA
452	剩	1	刀	乘
453	剪	0	NA	NA
454	副	1	刀	畐
455	割	0	NA	NA
456	剽	0	NA	NA
457	剿	1	手	少
458	劈	1	刀	辟
459	力	0	NA	NA
460	劝	1	力	雚
461	办	1	力	辡
462	功	1	力	工
463	加	0	NA	NA
464	务	0	NA	NA
465	劣	0	NA	NA
466	动	1	力	重
467	助	1	力	且
468	努	1	力	奴
469	劫	0	NA	NA
470	劭	1	糸	召
471	励	1	力	萬
472	劲	1	力	巠
473	劳	0	NA	NA
474	労	0	NA	NA
475	劵	0	NA	NA
476	劾	1	木	亥
477	势	1	力	埶
478	勃	1	力	孛
479	勇	1	力	甬
480	勉	1	力	免
481	勋	1	力	員
482	勐	0	NA	NA
483	勒	1	革	力
484	勖	1	𠫓	肉
485	勘	1	力	甚
486	募	1	力	莫
487	勤	1	力	堇
488	勧	0	NA	NA
489	勺	0	NA	NA
490	勾	0	NA	NA
491	勿	0	NA	NA
492	匀	0	NA	NA
493	包	0	NA	NA
494	匆	0	NA	NA
495	匈	1	凶	凶
496	匍	0	NA	NA
497	匐	0	NA	NA
498	匕	0	NA	NA
499	化	0	NA	NA
500	北	0	NA	NA
501	匙	0	NA	NA
502	匝	0	NA	NA
503	匠	0	NA	NA
504	匡	1	匚	㞷
505	匣	1	山	夾
506	匪	1	匚	非
507	匮	0	NA	NA
508	匹	0	NA	NA
509	区	0	NA	NA
510	医	0	NA	NA
511	匾	0	NA	NA
512	匿	1	𠃊	若
513	十	0	NA	NA
514	千	1	一	人
515	卅	0	NA	NA
516	升	0	NA	NA
517	午	0	NA	NA
518	卉	0	NA	NA
519	半	0	NA	NA
520	卍	0	NA	NA
521	华	0	NA	NA
522	协	0	NA	NA
523	卑	0	NA	NA
524	卒	0	NA	NA
525	卓	0	NA	NA
526	单	0	NA	NA
527	卖	0	NA	NA
528	南	0	NA	NA
529	単	0	NA	NA
530	博	1	盾	尃
531	卜	0	NA	NA
532	卞	0	NA	NA
533	卟	0	NA	NA
534	占	0	NA	NA
535	卡	0	NA	NA
536	卢	0	NA	NA
537	卤	0	NA	NA
538	卦	1	卜	圭
539	卧	0	NA	NA
540	卫	0	NA	NA
541	卮	0	NA	NA
542	卯	0	NA	NA
543	印	0	NA	NA
544	危	0	NA	NA
545	即	0	NA	NA
546	却	0	NA	NA
547	卵	0	NA	NA
548	卷	1	卩	龹
549	卸	0	NA	NA
550	卿	0	NA	NA
551	厂	0	NA	NA
552	厄	0	NA	NA
553	厅	0	NA	NA
554	历	1	甘	秝
555	厉	1	厂	萬
556	压	1	土	厭
557	厌	0	NA	NA
558	厕	0	NA	NA
559	厘	1	厂	里
560	厚	0	NA	NA
561	厝	0	NA	NA
562	原	0	NA	NA
563	厢	1	广	相
564	厥	0	NA	NA
565	厦	0	NA	NA
566	厨	1	肉	朱
567	厩	0	NA	NA
568	厮	0	NA	NA
569	厳	0	NA	NA
570	去	0	NA	NA
571	县	0	NA	NA
572	叁	0	NA	NA
573	参	1	晶	三
574	又	0	NA	NA
575	叉	0	NA	NA
576	及	0	NA	NA
577	友	0	NA	NA
578	双	0	NA	NA
579	反	0	NA	NA
580	収	0	NA	NA
581	发	1	弓	癹
582	叔	1	弋	尗
583	取	0	NA	NA
584	受	0	NA	NA
585	变	0	NA	NA
586	叙	0	NA	NA
587	叛	1	半	反
588	叟	0	NA	NA
589	叠	0	NA	NA
590	叡	0	NA	NA
591	口	0	NA	NA
592	古	0	NA	NA
593	句	0	NA	NA
594	另	0	NA	NA
595	叨	0	NA	NA
596	叩	1	卩	口
597	只	0	NA	NA
598	叫	1	口	丩
599	召	1	刀	刀
600	叭	1	口	八
601	叮	1	口	丁
602	可	0	NA	NA
603	台	1	口	㠯
604	叱	0	NA	NA
605	史	0	NA	NA
606	右	0	NA	NA
607	叵	0	NA	NA
608	叶	0	NA	NA
609	号	0	NA	NA
610	司	0	NA	NA
611	叹	0	NA	NA
612	叻	1	革	力
613	叼	0	NA	NA
614	叽	0	NA	NA
615	吁	1	口	于
616	吃	1	口	气
617	各	0	NA	NA
618	吆	1	口	幺
619	合	0	NA	NA
620	吉	0	NA	NA
621	吊	0	NA	NA
622	吋	1	口	寸
623	同	0	NA	NA
624	名	0	NA	NA
625	后	0	NA	NA
626	吏	0	NA	NA
627	吐	1	口	土
628	向	0	NA	NA
629	吒	0	NA	NA
630	吓	1	口	赫
631	吕	0	NA	NA
632	吖	0	NA	NA
633	吗	1	口	馬
634	君	0	NA	NA
635	吝	1	口	文
636	吞	1	口	天
637	吟	0	NA	NA
638	吠	0	NA	NA
639	吡	0	NA	NA
640	否	0	NA	NA
641	吧	1	口	巴
642	吨	1	口	頓
643	吩	1	口	分
644	含	1	口	今
645	听	0	NA	NA
646	吭	1	口	亢
647	吮	1	水	屯
648	启	0	NA	NA
649	吱	1	口	支
650	吴	0	NA	NA
651	吵	1	口	少
652	吸	1	口	及
653	吹	0	NA	NA
654	吻	0	NA	NA
655	吼	1	口	孔
656	吽	0	NA	NA
657	吾	1	口	五
658	呀	1	口	牙
659	呃	0	NA	NA
660	呆	0	NA	NA
661	呈	0	NA	NA
662	告	0	NA	NA
663	呋	0	NA	NA
664	呎	0	NA	NA
665	呐	1	口	內
666	呓	1	口	藝
667	呕	1	口	區
668	呗	0	NA	NA
669	员	0	NA	NA
670	呛	0	NA	NA
671	呜	0	NA	NA
672	呢	1	口	尼
673	呤	0	NA	NA
674	呦	0	NA	NA
675	周	0	NA	NA
676	呱	1	口	瓜
677	呲	0	NA	NA
678	味	1	口	未
679	呵	1	口	可
680	呷	1	口	甲
681	呸	0	NA	NA
682	呻	0	NA	NA
683	呼	1	口	乎
684	命	0	NA	NA
685	咀	1	口	且
686	咁	1	心	咸
687	咂	1	手	乙
688	咄	0	NA	NA
689	咆	1	口	包
690	咋	1	木	且
691	和	1	口	禾
692	咎	0	NA	NA
693	咏	0	NA	NA
694	咐	1	口	付
695	咒	0	NA	NA
696	咔	0	NA	NA
697	咕	1	口	古
698	咖	1	口	加
699	咗	0	NA	NA
700	咙	1	口	龍
701	咚	1	口	冬
702	咛	1	口	寧
703	咣	0	NA	NA
704	咤	0	NA	NA
705	咦	1	口	夷
706	咧	1	口	列
707	咨	1	口	次
708	咩	0	NA	NA
709	咪	1	口	米
710	咫	1	尺	只
711	咬	1	口	交
712	咭	1	口	气
713	咯	1	口	各
714	咱	0	NA	NA
715	咲	0	NA	NA
716	咳	1	口	亥
717	咸	0	NA	NA
718	咻	0	NA	NA
719	咽	1	口	因
720	咿	0	NA	NA
721	哀	1	口	衣
722	品	0	NA	NA
723	哂	1	土	訢
724	哄	1	口	共
725	哆	0	NA	NA
726	哇	1	口	圭
727	哈	1	口	合
728	哉	1	口	𢦔
729	哋	0	NA	NA
730	哌	0	NA	NA
731	响	1	音	鄉
732	哎	1	口	艾
733	哏	1	木	艮
734	哐	0	NA	NA
735	哑	1	口	亞
736	哒	0	NA	NA
737	哔	0	NA	NA
738	哗	1	口	華
739	哟	1	口	約
740	哥	0	NA	NA
741	哦	0	NA	NA
742	哧	0	NA	NA
743	哨	1	口	肖
744	哩	1	口	里
745	哪	0	NA	NA
746	哭	0	NA	NA
747	哮	1	口	孝
748	哲	0	NA	NA
749	哺	1	口	甫
750	哼	1	口	亨
751	哽	1	口	更
752	唁	1	王	見
753	唆	1	口	夋
754	唇	1	口	辰
755	唉	1	口	矣
756	唏	1	口	希
757	唐	1	口	庚
758	唑	1	力	且
759	唔	1	口	吾
760	唠	0	NA	NA
761	唤	1	口	奐
762	唧	1	口	即
763	唬	0	NA	NA
764	售	0	NA	NA
765	唯	1	口	隹
766	唰	1	宀	㣇
767	唱	1	口	昌
768	唳	1	人	列
769	唷	1	口	約
770	唸	0	NA	NA
771	唾	1	口	垂
772	啃	1	口	肯
773	啄	1	口	豖
774	商	0	NA	NA
775	啉	0	NA	NA
776	啊	1	口	阿
777	啓	0	NA	NA
778	啕	0	NA	NA
779	啖	1	水	炎
780	啜	0	NA	NA
781	啡	1	口	非
782	啤	1	口	卑
783	啥	1	口	舍
784	啦	1	口	拉
785	啧	0	NA	NA
786	啪	1	手	八
787	啫	0	NA	NA
788	啬	0	NA	NA
789	啮	0	NA	NA
790	啰	0	NA	NA
791	啱	0	NA	NA
792	啲	1	口	的
793	啵	0	NA	NA
794	啶	1	宀	正
795	啷	1	水	良
796	啸	0	NA	NA
797	啻	1	口	帝
798	啼	1	口	帝
799	啾	1	口	秋
800	喀	1	口	客
801	喂	1	口	畏
802	喃	1	口	南
803	善	0	NA	NA
804	喆	0	NA	NA
805	喇	0	NA	NA
806	喉	0	NA	NA
807	喊	1	口	咸
808	喋	1	土	執
809	喎	0	NA	NA
810	喏	0	NA	NA
811	喔	1	手	屋
812	喘	1	口	耑
813	喙	1	口	彖
814	喜	0	NA	NA
815	喝	1	口	曷
816	喟	0	NA	NA
817	喧	1	口	宣
818	喱	0	NA	NA
819	喳	1	口	查
820	喵	1	口	米
821	営	0	NA	NA
822	喷	1	口	賁
823	喹	0	NA	NA
824	喺	0	NA	NA
825	喻	1	口	俞
826	喽	0	NA	NA
827	嗅	0	NA	NA
828	嗑	0	NA	NA
829	嗒	1	口	荅
830	嗓	1	口	桑
831	嗔	1	口	眞
832	嗖	1	攴	丩
833	嗜	1	人	吏
834	嗝	0	NA	NA
835	嗟	1	口	差
836	嗡	1	口	翁
837	嗣	1	冊	司
838	嗤	0	NA	NA
839	嗦	0	NA	NA
840	嗨	1	口	合
841	嗪	0	NA	NA
842	嗬	0	NA	NA
843	嗯	1	口	恩
844	嗰	0	NA	NA
845	嗲	0	NA	NA
846	嗳	0	NA	NA
847	嗷	1	火	敖
848	嗽	1	口	束
849	嘀	0	NA	NA
850	嘅	0	NA	NA
851	嘈	1	口	曹
852	嘉	0	NA	NA
853	嘌	0	NA	NA
854	嘎	0	NA	NA
855	嘘	0	NA	NA
856	嘚	0	NA	NA
857	嘛	1	口	麻
858	嘞	0	NA	NA
859	嘟	1	口	都
860	嘢	1	口	野
861	嘣	0	NA	NA
862	嘤	0	NA	NA
863	嘧	1	牛	勿
864	嘭	0	NA	NA
865	嘱	0	NA	NA
866	嘲	1	口	朝
867	嘴	0	NA	NA
868	嘶	1	口	斯
869	嘹	0	NA	NA
870	嘻	1	口	喜
871	嘿	1	巾	爻
872	噌	0	NA	NA
873	噎	1	口	曷
874	噔	0	NA	NA
875	噗	1	手	菐
876	噙	1	金	金
877	噜	1	口	魯
878	噢	1	口	奧
879	噤	1	示	林
880	器	0	NA	NA
881	噩	0	NA	NA
882	噪	0	NA	NA
883	噬	1	口	筮
884	噱	0	NA	NA
885	噶	0	NA	NA
886	噻	0	NA	NA
887	噼	0	NA	NA
888	嚎	1	口	豪
889	嚏	0	NA	NA
890	嚓	1	宀	㣇
891	嚟	1	口	黎
892	嚣	0	NA	NA
893	嚮	0	NA	NA
894	嚷	1	口	襄
895	嚼	0	NA	NA
896	囊	0	NA	NA
897	囍	1	走	巳
898	囔	0	NA	NA
899	囗	1	囗	或
900	囚	0	NA	NA
901	四	0	NA	NA
902	囝	0	NA	NA
903	回	0	NA	NA
904	囟	0	NA	NA
905	因	0	NA	NA
906	囡	0	NA	NA
907	团	1	囗	專
908	団	0	NA	NA
909	囤	1	口	頓
910	囧	0	NA	NA
911	囫	0	NA	NA
912	园	0	NA	NA
913	困	0	NA	NA
914	囱	0	NA	NA
915	囲	0	NA	NA
916	図	0	NA	NA
917	围	1	囗	韋
918	囹	0	NA	NA
919	固	1	囗	古
920	国	1	囗	或
921	图	0	NA	NA
922	囿	1	囗	又
923	圃	0	NA	NA
924	圄	0	NA	NA
925	圆	1	囗	員
926	圈	1	囗	卷
927	圏	0	NA	NA
928	圜	0	NA	NA
929	土	0	NA	NA
930	圣	1	𡈼	𡈼
931	圧	0	NA	NA
932	在	0	NA	NA
933	圩	1	丘	虍
934	圭	0	NA	NA
935	地	1	土	也
936	圳	0	NA	NA
937	场	1	土	昜
938	圻	0	NA	NA
939	圾	1	土	及
940	址	0	NA	NA
941	坂	0	NA	NA
942	均	1	土	旬
943	坊	1	土	方
944	坍	1	土	丹
945	坎	1	土	欠
946	坏	1	土	不
947	坐	0	NA	NA
948	坑	1	土	亢
949	块	1	土	鬼
950	坚	0	NA	NA
951	坛	1	土	亶
952	坝	1	水	霸
953	坞	1	土	烏
954	坟	1	土	賁
955	坠	1	土	隊
956	坡	1	土	皮
957	坤	0	NA	NA
958	坦	1	土	旦
959	坨	1	水	它
960	坪	1	土	平
961	坯	1	土	丕
962	坳	1	手	爪
963	坵	1	人	憂
964	坷	1	土	可
965	垂	1	土	𠂹
966	垃	1	土	立
967	垄	1	土	龍
968	型	1	㓝	井
969	垒	0	NA	NA
970	垚	1	手	䍃
971	垛	0	NA	NA
972	垠	0	NA	NA
973	垢	1	土	后
974	垣	1	土	亘
975	垦	1	土	豤
976	垩	0	NA	NA
977	垫	1	土	執
978	垭	0	NA	NA
979	垮	1	土	夸
980	垵	0	NA	NA
981	埂	0	NA	NA
982	埃	0	NA	NA
983	埋	0	NA	NA
984	城	0	NA	NA
985	埔	1	土	甫
986	埕	0	NA	NA
987	埗	1	土	步
988	域	0	NA	NA
989	埠	1	土	阜
990	埤	0	NA	NA
991	埵	0	NA	NA
992	埸	1	土	易
993	培	1	土	咅
994	基	1	土	其
995	埼	0	NA	NA
996	堀	0	NA	NA
997	堂	1	冂	尚
998	堃	0	NA	NA
999	堆	1	土	隹
1000	堇	1	堇	堇
1001	堑	0	NA	NA
1002	堕	0	NA	NA
1003	堙	0	NA	NA
1004	堡	1	土	保
1005	堤	1	土	是
1006	堪	1	土	甚
1007	堰	1	水	寅
1008	堵	0	NA	NA
1009	堿	0	NA	NA
1010	塌	1	土	𦐇
1011	塑	1	土	朔
1012	塔	1	土	荅
1013	塘	1	土	唐
1014	塞	0	NA	NA
1015	塩	0	NA	NA
1016	填	1	土	眞
1017	塬	0	NA	NA
1018	塾	0	NA	NA
1019	墀	0	NA	NA
1020	境	1	土	竟
1021	墅	1	土	野
1022	墉	1	土	庸
1023	墒	0	NA	NA
1024	墓	1	土	莫
1025	増	0	NA	NA
1026	墙	0	NA	NA
1027	增	1	土	曾
1028	墟	1	土	虛
1029	墨	0	NA	NA
1030	墩	1	土	敦
1031	壁	1	土	辟
1032	壅	1	糸	隹
1033	壆	1	火	暴
1034	壊	0	NA	NA
1035	壑	0	NA	NA
1036	壕	0	NA	NA
1037	壤	1	土	襄
1038	士	0	NA	NA
1039	壬	0	NA	NA
1040	壮	0	NA	NA
1041	声	0	NA	NA
1042	売	0	NA	NA
1043	壳	0	NA	NA
1044	壶	0	NA	NA
1045	壹	1	壺	吉
1046	处	1	人	虍
1047	备	0	NA	NA
1048	変	0	NA	NA
1049	复	1	夊	酉
1050	夏	0	NA	NA
1051	夔	0	NA	NA
1052	夕	0	NA	NA
1053	外	0	NA	NA
1054	夙	0	NA	NA
1055	多	0	NA	NA
1056	夜	1	夕	亦
1057	够	0	NA	NA
1058	夥	1	多	果
1059	大	0	NA	NA
1060	天	0	NA	NA
1061	太	0	NA	NA
1062	夫	0	NA	NA
1063	夭	0	NA	NA
1064	央	0	NA	NA
1065	夯	1	竹	本
1066	失	1	手	乙
1067	头	1	頁	豆
1068	夷	0	NA	NA
1069	夸	1	大	于
1070	夹	0	NA	NA
1071	夺	0	NA	NA
1072	奂	0	NA	NA
1073	奄	0	NA	NA
1074	奇	1	大	可
1075	奈	1	示	大
1076	奉	1	手	丰
1077	奋	0	NA	NA
1078	奎	0	NA	NA
1079	奏	0	NA	NA
1080	契	0	NA	NA
1081	奔	0	NA	NA
1082	奕	1	亣	亦
1083	奖	0	NA	NA
1084	套	0	NA	NA
1085	奘	1	衣	壯
1086	奚	0	NA	NA
1087	奠	0	NA	NA
1088	奢	1	大	者
1089	奥	1	宀	𢍏
1090	奬	0	NA	NA
1091	女	0	NA	NA
1092	奴	0	NA	NA
1093	奶	1	女	乃
1094	奸	1	女	干
1095	她	0	NA	NA
1096	好	1	女	子
1097	如	0	NA	NA
1098	妃	1	女	己
1099	妄	0	NA	NA
1100	妆	1	女	爿
1101	妇	0	NA	NA
1102	妈	1	女	馬
1103	妊	1	女	壬
1104	妍	0	NA	NA
1105	妒	1	女	戶
1106	妓	0	NA	NA
1107	妖	1	女	芺
1108	妙	1	女	少
1109	妞	1	女	丑
1110	妣	1	女	比
1111	妤	0	NA	NA
1112	妥	0	NA	NA
1113	妨	1	女	方
1114	妩	1	女	無
1115	妪	0	NA	NA
1116	妮	1	女	尼
1117	妲	1	足	失
1118	妳	1	女	尔
1119	妹	1	女	未
1120	妻	0	NA	NA
1121	妾	0	NA	NA
1122	姆	1	女	母
1123	姉	0	NA	NA
1124	姊	1	女	𠂔
1125	始	1	女	台
1126	姐	1	女	且
1127	姑	1	女	古
1128	姒	0	NA	NA
1129	姓	0	NA	NA
1130	委	0	NA	NA
1131	姗	1	女	冊
1132	姚	1	女	兆
1133	姜	0	NA	NA
1134	姝	0	NA	NA
1135	姣	1	女	交
1136	姥	0	NA	NA
1137	姨	1	女	夷
1138	姫	0	NA	NA
1139	姬	1	女	𦣞
1140	姹	0	NA	NA
1141	姻	0	NA	NA
1142	姿	1	女	次
1143	威	0	NA	NA
1144	娃	1	女	圭
1145	娄	0	NA	NA
1146	娅	1	女	亞
1147	娆	0	NA	NA
1148	娇	1	女	喬
1149	娉	0	NA	NA
1150	娑	1	女	沙
1151	娓	1	女	尾
1152	娘	1	女	良
1153	娜	1	女	那
1154	娟	1	女	肙
1155	娠	1	女	辰
1156	娣	0	NA	NA
1157	娥	1	女	我
1158	娩	1	𠬜	免
1159	娱	0	NA	NA
1160	娲	1	女	咼
1161	娴	1	女	閑
1162	娶	0	NA	NA
1163	娼	1	女	昌
1164	婀	1	阜	可
1165	婆	1	女	波
1166	婉	1	女	宛
1167	婊	0	NA	NA
1168	婕	1	手	妾
1169	婚	0	NA	NA
1170	婢	0	NA	NA
1171	婧	1	女	青
1172	婪	1	女	林
1173	婴	0	NA	NA
1174	婵	0	NA	NA
1175	婶	1	女	審
1176	婷	1	人	停
1177	婺	0	NA	NA
1178	婿	0	NA	NA
1179	媒	1	女	某
1180	媚	1	眉	眉
1181	媛	0	NA	NA
1182	媞	1	手	是
1183	媲	0	NA	NA
1184	媳	1	女	息
1185	媾	0	NA	NA
1186	嫁	1	女	家
1187	嫂	1	女	叜
1188	嫉	1	女	疾
1189	嫌	1	女	兼
1190	嫔	0	NA	NA
1191	嫖	0	NA	NA
1192	嫘	0	NA	NA
1193	嫚	1	女	曼
1194	嫡	0	NA	NA
1195	嫣	1	女	焉
1196	嫦	1	巾	尚
1197	嫩	0	NA	NA
1198	嬅	0	NA	NA
1199	嬉	1	女	喜
1200	嬗	1	女	亶
1201	嬛	0	NA	NA
1202	嬢	0	NA	NA
1203	嬴	0	NA	NA
1204	嬷	0	NA	NA
1205	嬿	1	水	寅
1206	孀	0	NA	NA
1207	子	0	NA	NA
1208	孑	0	NA	NA
1209	孔	0	NA	NA
1210	孕	0	NA	NA
1211	孖	0	NA	NA
1212	字	0	NA	NA
1213	存	1	子	才
1214	孙	0	NA	NA
1215	孚	0	NA	NA
1216	孛	0	NA	NA
1217	孜	1	攴	子
1218	孝	0	NA	NA
1219	孟	1	子	皿
1220	孢	0	NA	NA
1221	季	0	NA	NA
1222	孤	0	NA	NA
1223	学	1	𦥑	爻
1224	孩	1	子	亥
1225	孪	0	NA	NA
1226	孬	0	NA	NA
1227	孰	0	NA	NA
1228	孱	0	NA	NA
1229	孳	0	NA	NA
1230	孵	0	NA	NA
1231	孺	0	NA	NA
1232	孽	1	子	辥
1233	宁	0	NA	NA
1234	它	0	NA	NA
1235	宅	1	宀	乇
1236	宇	1	宀	于
1237	守	0	NA	NA
1238	安	0	NA	NA
1239	宋	0	NA	NA
1240	完	1	宀	元
1241	宏	1	宀	厷
1242	宓	1	宀	柲
1243	宕	1	宀	石
1244	宗	0	NA	NA
1245	官	0	NA	NA
1246	宙	0	NA	NA
1247	定	1	宀	正
1248	宛	0	NA	NA
1249	宜	0	NA	NA
1250	宝	0	NA	NA
1251	实	0	NA	NA
1252	実	0	NA	NA
1253	宠	1	宀	龍
1254	审	0	NA	NA
1255	客	0	NA	NA
1256	宣	1	宀	亘
1257	室	0	NA	NA
1258	宥	1	宀	有
1259	宦	0	NA	NA
1260	宪	1	目	𡩜
1261	宫	0	NA	NA
1262	宰	0	NA	NA
1263	害	0	NA	NA
1264	宴	1	宀	妟
1265	宵	1	宀	肖
1266	家	0	NA	NA
1267	宸	1	示	申
1268	容	1	宀	公
1269	宽	1	宀	萈
1270	宾	0	NA	NA
1271	宿	0	NA	NA
1272	寂	1	宀	尗
1273	寄	1	宀	奇
1274	寅	0	NA	NA
1275	密	1	宓	宓
1276	寇	0	NA	NA
1277	富	0	NA	NA
1278	寐	1	宀	未
1279	寒	0	NA	NA
1280	寓	1	宀	禺
1281	寛	0	NA	NA
1282	寝	0	NA	NA
1283	寞	0	NA	NA
1284	察	1	宀	㣇
1285	寡	0	NA	NA
1286	寥	1	宀	翏
1287	寨	0	NA	NA
1288	寮	1	宀	尞
1289	寰	0	NA	NA
1290	寸	0	NA	NA
1291	对	0	NA	NA
1292	寺	1	又	之
1293	寻	0	NA	NA
1294	导	1	寸	道
1295	対	0	NA	NA
1296	寿	1	老	𠃬
1297	封	0	NA	NA
1298	専	0	NA	NA
1299	射	0	NA	NA
1300	将	1	肉	爿
1301	尉	0	NA	NA
1302	尊	0	NA	NA
1303	小	0	NA	NA
1304	少	0	NA	NA
1305	尔	0	NA	NA
1306	尕	0	NA	NA
1307	尖	0	NA	NA
1308	尘	0	NA	NA
1309	尚	0	NA	NA
1310	尝	1	旨	尚
1311	尤	0	NA	NA
1312	尧	0	NA	NA
1313	尬	1	尢	介
1314	就	0	NA	NA
1315	尴	1	尢	監
1316	尸	0	NA	NA
1317	尹	0	NA	NA
1318	尺	0	NA	NA
1319	尻	1	人	九
1320	尼	1	尸	匕
1321	尽	0	NA	NA
1322	尾	0	NA	NA
1323	尿	0	NA	NA
1324	局	0	NA	NA
1325	屁	1	尸	比
1326	层	1	尸	曾
1327	屄	1	心	非
1328	居	1	尸	古
1329	屈	1	尾	出
1330	屉	0	NA	NA
1331	届	1	尸	凷
1332	屋	0	NA	NA
1333	屌	0	NA	NA
1334	屎	0	NA	NA
1335	屏	1	尸	并
1336	屐	1	履	支
1337	屑	0	NA	NA
1338	展	0	NA	NA
1339	属	0	NA	NA
1340	屠	1	尸	者
1341	屡	1	尸	婁
1342	履	0	NA	NA
1343	屯	1	屯	屯
1344	山	0	NA	NA
1345	屹	1	山	乞
1346	屿	1	山	與
1347	岀	0	NA	NA
1348	岁	1	步	戉
1349	岂	0	NA	NA
1350	岌	1	山	及
1351	岐	0	NA	NA
1352	岑	1	心	冘
1353	岔	0	NA	NA
1354	岖	1	山	區
1355	岗	1	山	岡
1356	岘	0	NA	NA
1357	岙	0	NA	NA
1358	岚	0	NA	NA
1359	岛	1	山	鳥
1360	岩	0	NA	NA
1361	岫	0	NA	NA
1362	岬	0	NA	NA
1363	岭	1	山	領
1364	岱	1	人	弋
1365	岳	0	NA	NA
1366	岷	0	NA	NA
1367	岸	1	厂	干
1368	峇	0	NA	NA
1369	峋	1	山	旬
1370	峒	1	力	重
1371	峙	0	NA	NA
1372	峡	1	山	夾
1373	峤	0	NA	NA
1374	峥	0	NA	NA
1375	峦	0	NA	NA
1376	峨	1	山	我
1377	峪	1	𠫓	肉
1378	峭	1	山	肖
1379	峰	1	山	夆
1380	峻	1	山	夋
1381	崁	0	NA	NA
1382	崂	0	NA	NA
1383	崆	1	穴	工
1384	崇	1	山	宗
1385	崎	1	山	奇
1386	崔	0	NA	NA
1387	崖	0	NA	NA
1388	崛	1	山	屈
1389	崧	0	NA	NA
1390	崩	0	NA	NA
1391	崭	1	山	斬
1392	崴	0	NA	NA
1393	崽	1	水	齊
1394	嵇	0	NA	NA
1395	嵊	1	皿	成
1396	嵋	0	NA	NA
1397	嵌	0	NA	NA
1398	嵘	0	NA	NA
1399	嵩	0	NA	NA
1400	嵬	0	NA	NA
1401	嵯	1	山	差
1402	嶂	1	肉	爿
1403	嶋	0	NA	NA
1404	嶙	1	山	粦
1405	巅	0	NA	NA
1406	巍	1	嵬	委
1407	川	0	NA	NA
1408	州	0	NA	NA
1409	巡	1	辵	川
1410	巢	0	NA	NA
1411	工	0	NA	NA
1412	左	0	NA	NA
1413	巧	1	工	丂
1414	巨	0	NA	NA
1415	巩	0	NA	NA
1416	巫	0	NA	NA
1417	差	0	NA	NA
1418	己	0	NA	NA
1419	已	0	NA	NA
1420	巳	0	NA	NA
1421	巴	0	NA	NA
1422	巷	1	行	]
1423	巻	0	NA	NA
1424	巽	0	NA	NA
1425	巾	0	NA	NA
1426	巿	0	NA	NA
1427	币	1	巾	敝
1428	市	1	兮	之
1429	布	1	巾	父
1430	帅	0	NA	NA
1431	帆	1	巾	凡
1432	师	0	NA	NA
1433	希	1	巾	爻
1434	帐	1	巾	長
1435	帑	0	NA	NA
1436	帕	1	巾	白
1437	帖	1	巾	占
1438	帘	1	竹	廉
1439	帚	0	NA	NA
1440	帛	0	NA	NA
1441	帜	1	巾	戠
1442	帝	0	NA	NA
1443	带	0	NA	NA
1444	帧	0	NA	NA
1445	席	0	NA	NA
1446	帮	1	帛	封
1447	帯	0	NA	NA
1448	帰	0	NA	NA
1449	帷	0	NA	NA
1450	常	1	巾	尚
1451	帼	0	NA	NA
1452	帽	1	巾	冒
1453	幂	0	NA	NA
1454	幄	0	NA	NA
1455	幅	1	巾	畐
1456	幌	1	巾	晃
1457	幔	1	巾	曼
1458	幕	0	NA	NA
1459	幡	0	NA	NA
1460	幢	1	巾	童
1461	干	0	NA	NA
1462	平	1	八	釆
1463	年	0	NA	NA
1464	并	0	NA	NA
1465	幸	0	NA	NA
1466	幺	0	NA	NA
1467	幻	0	NA	NA
1468	幼	1	幺	幽
1469	幽	0	NA	NA
1470	广	0	NA	NA
1471	庁	0	NA	NA
1472	広	0	NA	NA
1473	庄	0	NA	NA
1474	庆	0	NA	NA
1475	庇	1	广	比
1476	床	1	木	爿
1477	序	1	广	予
1478	庐	1	广	盧
1479	库	0	NA	NA
1480	应	1	心	𨿳
1481	底	0	NA	NA
1482	庖	1	广	包
1483	店	1	广	占
1484	庙	0	NA	NA
1485	庚	0	NA	NA
1486	府	1	宀	付
1487	庞	1	廾	龍
1488	废	0	NA	NA
1489	庠	0	NA	NA
1490	度	1	又	石
1491	座	0	NA	NA
1492	庭	1	广	廷
1493	庵	1	阜	侌
1494	庶	0	NA	NA
1495	康	0	NA	NA
1496	庸	1	庚	◎
1497	庹	1	手	乇
1498	庾	0	NA	NA
1499	廃	0	NA	NA
1500	廉	1	广	兼
1501	廊	1	广	郎
1502	廓	1	广	郭
1503	廖	0	NA	NA
1504	延	0	NA	NA
1505	廷	1	∟	𡈼
1506	建	0	NA	NA
1507	廿	0	NA	NA
1508	开	0	NA	NA
1509	弁	0	NA	NA
1510	异	0	NA	NA
1511	弃	0	NA	NA
1512	弄	0	NA	NA
1513	弈	0	NA	NA
1514	弊	1	廾	敝
1515	弋	0	NA	NA
1516	式	1	工	弋
1517	弑	0	NA	NA
1518	弓	0	NA	NA
1519	引	0	NA	NA
1520	弗	0	NA	NA
1521	弘	0	NA	NA
1522	弛	1	弓	也
1523	弟	0	NA	NA
1524	张	1	弓	長
1525	弥	0	NA	NA
1526	弦	0	NA	NA
1527	弧	1	弓	瓜
1528	弩	1	力	奴
1529	弭	0	NA	NA
1530	弯	1	弓	䜌
1531	弱	0	NA	NA
1532	弹	1	弓	單
1533	强	0	NA	NA
1534	弼	1	㐁	弜
1535	弾	0	NA	NA
1536	归	0	NA	NA
1537	当	1	口	當
1538	录	1	金	彔
1539	彗	0	NA	NA
1540	彝	0	NA	NA
1541	形	1	井	幵
1542	彤	0	NA	NA
1543	彦	1	文	厂
1544	彧	0	NA	NA
1545	彩	1	彡	采
1546	彪	0	NA	NA
1547	彬	0	NA	NA
1548	彭	0	NA	NA
1549	彰	0	NA	NA
1550	影	1	彡	景
1551	彷	0	NA	NA
1552	役	0	NA	NA
1553	彻	0	NA	NA
1554	彼	1	彳	皮
1555	往	1	彳	㞷
1556	征	0	NA	NA
1557	径	1	彳	巠
1558	待	1	彳	寺
1559	徇	1	言	旬
1560	很	1	彳	艮
1561	徉	1	彳	羊
1562	徊	1	彳	回
1563	律	0	NA	NA
1564	徐	1	邑	余
1565	徒	0	NA	NA
1566	従	0	NA	NA
1567	徕	0	NA	NA
1568	得	0	NA	NA
1569	徘	1	彳	非
1570	徙	0	NA	NA
1571	徜	1	巾	尚
1572	御	1	卩	午
1573	徨	1	彳	皇
1574	循	1	彳	盾
1575	徬	0	NA	NA
1576	微	0	NA	NA
1577	徳	0	NA	NA
1578	徴	0	NA	NA
1579	徵	0	NA	NA
1580	德	0	NA	NA
1581	徼	1	水	堯
1582	徽	1	糸	微
1583	心	0	NA	NA
1584	必	0	NA	NA
1585	忆	1	心	意
1586	忌	1	心	己
1587	忍	1	心	刃
1588	忏	1	心	韱
1589	忐	1	土	旦
1590	忑	1	下	下
1591	忒	0	NA	NA
1592	忖	1	口	耑
1593	志	0	NA	NA
1594	忘	0	NA	NA
1595	忙	1	心	亡
1596	応	0	NA	NA
1597	忠	0	NA	NA
1598	忡	1	心	中
1599	忤	0	NA	NA
1600	忧	0	NA	NA
1601	忪	1	心	公
1602	快	1	心	夬
1603	忱	1	心	冘
1604	念	0	NA	NA
1605	忻	0	NA	NA
1606	忽	0	NA	NA
1607	忿	1	心	分
1608	怀	0	NA	NA
1609	态	0	NA	NA
1610	怂	1	心	從
1611	怅	0	NA	NA
1612	怆	1	心	倉
1613	怎	1	心	乍
1614	怏	1	日	央
1615	怒	1	心	奴
1616	怔	1	心	正
1617	怕	1	心	白
1618	怖	1	心	布
1619	怙	1	言	蒦
1620	怜	1	心	粦
1621	思	0	NA	NA
1622	怠	1	心	以
1623	怡	1	心	台
1624	急	1	心	及
1625	怦	0	NA	NA
1626	性	0	NA	NA
1627	怨	1	心	夗
1628	怪	1	心	圣
1629	怯	0	NA	NA
1630	怵	0	NA	NA
1631	总	1	糸	悤
1632	怼	0	NA	NA
1633	恁	1	心	任
1634	恃	0	NA	NA
1635	恋	0	NA	NA
1636	恍	1	心	光
1637	恐	0	NA	NA
1638	恒	0	NA	NA
1639	恕	1	心	如
1640	恙	1	心	羊
1641	恚	1	土	褱
1642	恢	1	心	灰
1643	恣	0	NA	NA
1644	恤	0	NA	NA
1645	恨	1	心	艮
1646	恩	0	NA	NA
1647	恪	1	心	各
1648	恫	1	力	重
1649	恬	0	NA	NA
1650	恭	0	NA	NA
1651	息	0	NA	NA
1652	恰	1	心	合
1653	恳	1	心	豤
1654	恵	0	NA	NA
1655	恶	1	心	亞
1656	恸	1	心	動
1657	恺	0	NA	NA
1658	恻	0	NA	NA
1659	恼	0	NA	NA
1660	恿	1	心	甬
1661	悄	1	心	肖
1662	悉	0	NA	NA
1663	悌	0	NA	NA
1664	悍	1	日	干
1665	悔	1	心	每
1666	悖	0	NA	NA
1667	悚	1	耳	從
1668	悟	1	心	吾
1669	悠	1	心	攸
1670	患	1	心	串
1671	悦	1	心	兌
1672	您	1	心	你
1673	悩	0	NA	NA
1674	悪	0	NA	NA
1675	悬	1	心	縣
1676	悯	1	心	閔
1677	悱	0	NA	NA
1678	悲	1	心	非
1679	悴	1	心	卒
1680	悸	0	NA	NA
1681	悻	0	NA	NA
1682	悼	1	心	卓
1683	情	1	心	青
1684	惆	1	竹	壽
1685	惇	0	NA	NA
1686	惊	1	馬	敬
1687	惋	1	心	宛
1688	惑	1	心	或
1689	惕	1	心	易
1690	惘	1	心	罔
1691	惚	0	NA	NA
1692	惜	1	心	昔
1693	惟	1	心	隹
1694	惠	1	心	叀
1695	惦	1	心	店
1696	惧	0	NA	NA
1697	惨	1	心	參
1698	惩	1	心	徵
1699	惫	0	NA	NA
1700	惬	0	NA	NA
1701	惭	1	心	斬
1702	惮	1	心	單
1703	惯	1	心	貫
1704	惰	0	NA	NA
1705	想	1	心	相
1706	惴	1	口	耑
1707	惶	1	心	皇
1708	惹	1	心	若
1709	惺	1	心	星
1710	愁	1	心	秋
1711	愆	0	NA	NA
1712	愈	0	NA	NA
1713	愉	1	心	俞
1714	愍	1	心	敃
1715	意	0	NA	NA
1716	愕	0	NA	NA
1717	愚	1	心	禺
1718	感	1	心	咸
1719	愣	0	NA	NA
1720	愤	1	心	賁
1721	愧	0	NA	NA
1722	愫	1	攴	婁
1723	愿	1	頁	原
1724	慈	1	心	𢆶
1725	慌	1	心	荒
1726	慎	1	心	斦
1727	慑	1	心	聶
1728	慕	1	心	莫
1729	慢	1	心	曼
1730	慧	1	心	彗
1731	慨	1	心	既
1732	慰	1	心	尉
1733	慵	1	宀	公
1734	慷	1	心	康
1735	憋	1	心	敝
1736	憎	1	心	曾
1737	憔	1	心	焦
1738	憧	1	心	童
1739	憨	1	力	甚
1740	憩	0	NA	NA
1741	憬	1	心	景
1742	憾	1	心	感
1743	懂	1	心	董
1744	懈	1	心	解
1745	懊	1	心	奧
1746	懋	1	心	矛
1747	懑	0	NA	NA
1748	懒	1	心	賴
1749	懦	1	心	需
1750	懵	0	NA	NA
1751	懿	0	NA	NA
1752	戈	0	NA	NA
1753	戊	0	NA	NA
1754	戌	0	NA	NA
1755	戍	0	NA	NA
1756	戎	0	NA	NA
1757	戏	1	戈	䖒
1758	成	0	NA	NA
1759	我	0	NA	NA
1760	戒	0	NA	NA
1761	戕	1	戈	爿
1762	或	0	NA	NA
1763	战	0	NA	NA
1764	戚	1	戈	尗
1765	戛	0	NA	NA
1766	戟	1	戈	丯
1767	戡	1	力	甚
1768	戦	0	NA	NA
1769	截	1	戈	雀
1770	戬	0	NA	NA
1771	戮	0	NA	NA
1772	戳	1	戈	翟
1773	戴	1	首	戠
1774	户	0	NA	NA
1775	戸	0	NA	NA
1776	戻	0	NA	NA
1777	戾	0	NA	NA
1778	房	1	戶	方
1779	所	0	NA	NA
1780	扁	0	NA	NA
1781	扇	1	戶	羽
1782	扈	0	NA	NA
1783	扉	1	門	非
1784	手	0	NA	NA
1785	才	0	NA	NA
1786	扎	1	手	乙
1787	扑	1	手	菐
1788	扒	1	手	八
1789	打	1	手	丁
1790	扔	0	NA	NA
1791	払	0	NA	NA
1792	托	1	手	乇
1793	扛	1	水	工
1794	扣	1	手	口
1795	扦	1	一	人
1796	执	0	NA	NA
1797	扩	1	手	廣
1798	扪	0	NA	NA
1799	扫	0	NA	NA
1800	扬	0	NA	NA
1801	扭	1	手	丑
1802	扮	1	手	分
1803	扯	1	手	止
1804	扰	0	NA	NA
1805	扱	0	NA	NA
1806	扳	1	手	反
1807	扶	0	NA	NA
1808	批	1	手	比
1809	扼	1	手	厄
1810	找	1	手	戈
1811	承	0	NA	NA
1812	技	1	手	支
1813	抄	1	手	少
1814	抉	1	手	夬
1815	把	1	手	巴
1816	抑	0	NA	NA
1817	抒	1	手	予
1818	抓	1	手	爪
1819	投	0	NA	NA
1820	抖	1	手	斗
1821	抗	1	手	亢
1822	折	1	斤	才
1823	抚	0	NA	NA
1824	抛	1	手	𡯄
1825	抜	0	NA	NA
1826	択	0	NA	NA
1827	抟	0	NA	NA
1828	抠	0	NA	NA
1829	抡	0	NA	NA
1830	抢	1	手	倉
1831	护	1	言	蒦
1832	报	0	NA	NA
1833	抨	0	NA	NA
1834	披	1	手	皮
1835	抬	1	手	台
1836	抱	1	手	包
1837	抵	1	手	氐
1838	抹	1	手	末
1839	押	1	手	甲
1840	抽	1	手	由
1841	抿	0	NA	NA
1842	拂	0	NA	NA
1843	拄	0	NA	NA
1844	担	0	NA	NA
1845	拆	1	手	斥
1846	拇	1	手	母
1847	拈	1	手	占
1848	拉	1	手	立
1849	拌	1	手	半
1850	拍	1	手	白
1851	拎	0	NA	NA
1852	拐	1	手	叧
1853	拒	1	手	巨
1854	拓	0	NA	NA
1855	拔	1	手	犮
1856	拖	1	手	㐌
1857	拗	1	手	幼
1858	拘	0	NA	NA
1859	拙	1	手	出
1860	拚	0	NA	NA
1861	招	0	NA	NA
1862	拜	1	手	𠦪
1863	拟	1	手	疑
1864	拡	0	NA	NA
1865	拢	1	手	龍
1866	拣	1	手	柬
1867	拥	1	手	雝
1868	拦	1	手	闌
1869	拧	0	NA	NA
1870	拨	1	手	發
1871	择	1	廾	睪
1872	括	1	手	𠯑
1873	拭	1	手	式
1874	拮	1	口	气
1875	拯	0	NA	NA
1876	拱	1	手	共
1877	拳	1	手	龹
1878	拴	1	手	全
1879	拷	1	手	考
1880	拼	1	手	并
1881	拽	1	水	世
1882	拾	1	手	合
1883	拿	1	手	合
1884	持	1	手	寺
1885	挂	1	手	圭
1886	指	1	手	旨
1887	挈	1	欠	曷
1888	按	1	手	安
1889	挎	0	NA	NA
1890	挑	1	手	兆
1891	挖	1	手	穵
1892	挙	0	NA	NA
1893	挚	0	NA	NA
1894	挛	1	手	䜌
1895	挝	0	NA	NA
1896	挞	1	手	達
1897	挟	0	NA	NA
1898	挠	1	手	堯
1899	挡	1	手	當
1900	挣	1	手	爭
1901	挤	1	手	齊
1902	挥	1	手	軍
1903	挨	1	手	矣
1904	挪	1	手	那
1905	挫	1	手	坐
1906	振	1	廾	辰
1907	挲	0	NA	NA
1908	挹	1	水	立
1909	挺	1	手	廷
1910	挽	1	手	免
1911	捂	0	NA	NA
1912	捅	1	手	甬
1913	捆	1	手	困
1914	捉	1	手	足
1915	捋	0	NA	NA
1916	捌	0	NA	NA
1917	捍	1	手	旱
1918	捎	1	木	肖
1919	捏	1	手	圼
1920	捐	1	手	肙
1921	捕	1	手	甫
1922	捞	1	手	勞
1923	损	1	手	員
1924	捡	0	NA	NA
1925	换	1	手	奐
1926	捣	1	手	島
1927	捧	1	手	奉
1928	捩	1	人	列
1929	据	0	NA	NA
1930	捱	1	手	矣
1931	捶	0	NA	NA
1932	捷	0	NA	NA
1933	捺	0	NA	NA
1934	捻	1	手	念
1935	掀	1	手	欣
1936	掂	0	NA	NA
1937	掇	1	水	隼
1938	授	1	手	受
1939	掉	1	手	卓
1940	掌	1	手	尚
1941	掏	1	手	匋
1942	掐	0	NA	NA
1943	排	1	手	非
1944	掖	0	NA	NA
1945	掘	1	手	屈
1946	掠	1	手	京
1947	探	1	手	罙
1948	掣	1	手	制
1949	接	1	手	妾
1950	控	1	手	空
1951	推	1	手	隹
1952	掩	1	手	奄
1953	措	1	手	昔
1954	掬	0	NA	NA
1955	掰	1	手	𠦪
1956	掲	0	NA	NA
1957	掳	0	NA	NA
1958	掴	0	NA	NA
1959	掷	1	手	鄭
1960	掸	0	NA	NA
1961	掺	1	手	參
1962	揃	0	NA	NA
1963	揄	1	口	丨
1964	揆	0	NA	NA
1965	揉	1	手	柔
1966	揍	1	手	奏
1967	描	1	手	苗
1968	提	1	手	是
1969	插	0	NA	NA
1970	揖	1	手	咠
1971	握	1	手	屋
1972	揣	1	手	耑
1973	揩	1	口	合
1974	揪	0	NA	NA
1975	揭	1	手	曷
1976	援	0	NA	NA
1977	揶	1	斗	余
1978	揸	0	NA	NA
1979	揽	1	手	覽
1980	搀	0	NA	NA
1981	搁	1	手	閣
1982	搂	1	手	婁
1983	搅	1	手	覺
1984	搏	1	盾	尃
1985	搐	1	手	少
1986	搓	1	手	差
1987	搔	1	艸	穌
1988	搜	1	手	叟
1989	搞	1	手	高
1990	搡	0	NA	NA
1991	搪	1	手	唐
1992	搬	1	手	般
1993	搭	1	手	荅
1994	携	0	NA	NA
1995	搽	1	木	且
1996	摀	0	NA	NA
1997	摁	1	手	安
1998	摄	1	手	聶
1999	摆	1	手	罷
2000	摇	0	NA	NA
2001	摈	0	NA	NA
2002	摊	1	手	難
2003	摒	1	手	屏
2004	摔	1	手	率
2005	摘	1	手	啻
2006	摞	1	口	各
2007	摧	1	手	崔
2008	摩	1	手	麻
2009	摸	1	手	莫
2010	摹	1	手	莫
2011	摺	1	手	習
2012	撂	1	水	留
2013	撃	0	NA	NA
2014	撅	1	手	屈
2015	撇	0	NA	NA
2016	撑	0	NA	NA
2017	撒	0	NA	NA
2018	撕	0	NA	NA
2019	撚	1	手	念
2020	撞	1	手	童
2021	撤	0	NA	NA
2022	撩	1	手	尞
2023	撬	1	車	喬
2024	播	0	NA	NA
2025	撮	1	手	最
2026	撰	1	手	巽
2027	撵	0	NA	NA
2028	撷	0	NA	NA
2029	撸	0	NA	NA
2030	撼	1	手	感
2031	擀	0	NA	NA
2032	擂	0	NA	NA
2033	擅	1	手	亶
2034	操	1	手	喿
2035	擎	1	手	敬
2036	擒	0	NA	NA
2037	擘	1	手	𠦪
2038	擞	0	NA	NA
2039	擡	0	NA	NA
2040	擢	1	日	乍
2041	擦	1	手	察
2042	攀	0	NA	NA
2043	攒	1	手	贊
2044	攘	1	手	襄
2045	攥	1	貝	兼
2046	攫	1	手	矍
2047	支	0	NA	NA
2048	收	1	攴	丩
2049	攸	0	NA	NA
2050	改	1	攴	巳
2051	攻	1	攴	工
2052	放	1	攴	方
2053	政	0	NA	NA
2054	故	0	NA	NA
2055	效	1	攴	交
2056	敌	0	NA	NA
2057	敎	0	NA	NA
2058	敏	1	又	每
2059	救	1	攴	求
2060	敕	0	NA	NA
2061	敖	0	NA	NA
2062	教	1	攴	孝
2063	敛	0	NA	NA
2064	敝	0	NA	NA
2065	敞	1	攴	尚
2066	敢	1	爭	甘
2067	散	0	NA	NA
2068	敦	0	NA	NA
2069	敬	1	攴	茍
2070	数	1	攴	婁
2071	敲	1	攴	高
2072	整	0	NA	NA
2073	敷	1	攴	尃
2074	文	0	NA	NA
2075	斋	0	NA	NA
2076	斌	0	NA	NA
2077	斎	0	NA	NA
2078	斐	0	NA	NA
2079	斑	0	NA	NA
2080	斓	0	NA	NA
2081	斗	0	NA	NA
2082	料	0	NA	NA
2083	斛	1	斗	角
2084	斜	1	斗	余
2085	斟	1	斗	甚
2086	斡	0	NA	NA
2087	斤	0	NA	NA
2088	斥	0	NA	NA
2089	斧	1	斤	父
2090	斩	0	NA	NA
2091	斫	1	艸	者
2092	断	0	NA	NA
2093	斯	1	斤	其
2094	新	0	NA	NA
2095	方	0	NA	NA
2096	於	0	NA	NA
2097	施	1	㫃	也
2098	旁	0	NA	NA
2099	旃	0	NA	NA
2100	旅	0	NA	NA
2101	旋	0	NA	NA
2102	旌	1	磬	殸
2103	旎	0	NA	NA
2104	族	0	NA	NA
2105	旖	1	木	奇
2106	旗	0	NA	NA
2107	无	0	NA	NA
2108	既	0	NA	NA
2109	日	0	NA	NA
2110	旦	1	日	丁
2111	旧	1	雈	臼
2112	旨	1	匕	匕
2113	早	1	日	棗
2114	旬	1	日	螾
2115	旭	1	日	九
2116	旮	1	言	可
2117	旱	1	日	干
2118	时	0	NA	NA
2119	旷	1	日	廣
2120	旺	1	日	㞷
2121	旻	0	NA	NA
2122	昀	0	NA	NA
2123	昂	1	日	卬
2124	昆	1	𦥑	云
2125	昇	1	磬	殸
2126	昉	1	攴	方
2127	昊	0	NA	NA
2128	昌	0	NA	NA
2129	明	0	NA	NA
2130	昏	0	NA	NA
2131	易	0	NA	NA
2132	昔	0	NA	NA
2133	昕	0	NA	NA
2134	昙	0	NA	NA
2135	星	1	晶	生
2136	映	1	日	央
2137	春	1	木	屯
2138	昧	1	日	未
2139	昨	1	日	乍
2140	昭	0	NA	NA
2141	是	1	早	止
2142	昱	1	𠫓	肉
2143	昴	1	晶	卯
2144	昵	0	NA	NA
2145	昶	0	NA	NA
2146	昼	0	NA	NA
2147	显	0	NA	NA
2148	晁	1	月	𠦝
2149	晃	0	NA	NA
2150	晋	0	NA	NA
2151	晌	1	日	向
2152	晏	0	NA	NA
2153	晒	0	NA	NA
2154	晓	1	日	堯
2155	晔	0	NA	NA
2156	晕	0	NA	NA
2157	晖	1	日	軍
2158	晗	0	NA	NA
2159	晚	1	日	免
2160	晞	0	NA	NA
2161	晟	0	NA	NA
2162	晤	1	日	吾
2163	晦	1	心	每
2164	晨	0	NA	NA
2165	晩	0	NA	NA
2166	普	0	NA	NA
2167	景	1	日	京
2168	晰	1	日	析
2169	晴	0	NA	NA
2170	晶	0	NA	NA
2171	晷	1	車	九
2172	智	0	NA	NA
2173	晾	1	水	良
2174	暂	1	日	斬
2175	暄	1	囗	卷
2176	暇	1	日	叚
2177	暌	1	日	癸
2178	暐	1	人	韋
2179	暑	1	日	者
2180	暖	1	日	爰
2181	暗	1	日	音
2182	暝	0	NA	NA
2183	暧	0	NA	NA
2184	暨	0	NA	NA
2185	暮	0	NA	NA
2186	暴	1	市	]
2187	暸	0	NA	NA
2188	暹	1	人	占
2189	曙	1	日	署
2190	曜	1	水	堯
2191	曝	0	NA	NA
2192	曦	1	日	羲
2193	曰	0	NA	NA
2194	曲	0	NA	NA
2195	曳	1	申	𠂆
2196	更	0	NA	NA
2197	曹	0	NA	NA
2198	曼	1	目	冃
2199	曾	0	NA	NA
2200	替	0	NA	NA
2201	最	0	NA	NA
2202	月	0	NA	NA
2203	有	0	NA	NA
2204	朋	0	NA	NA
2205	服	0	NA	NA
2206	朐	0	NA	NA
2207	朔	1	月	屰
2208	朕	0	NA	NA
2209	朗	1	月	良
2210	望	1	亡	臣
2211	朝	1	月	𠦝
2212	期	1	日	其
2213	朦	1	月	蒙
2214	木	0	NA	NA
2215	未	0	NA	NA
2216	末	0	NA	NA
2217	本	0	NA	NA
2218	札	1	木	乙
2219	朮	0	NA	NA
2220	术	1	行	朮
2221	朱	0	NA	NA
2222	朴	1	木	菐
2223	朵	0	NA	NA
2224	机	1	木	幾
2225	朽	1	木	丂
2226	杀	0	NA	NA
2227	杂	1	衣	集
2228	权	1	木	雚
2229	杆	1	木	干
2230	杈	0	NA	NA
2231	杉	1	木	彡
2232	李	1	子	子
2233	杏	0	NA	NA
2234	材	1	木	才
2235	村	1	木	寸
2236	杓	1	木	票
2237	杖	1	木	丈
2238	杜	0	NA	NA
2239	杞	1	木	己
2240	束	0	NA	NA
2241	杠	1	木	工
2242	条	1	木	攸
2243	来	0	NA	NA
2244	杨	1	木	昜
2245	杭	0	NA	NA
2246	杯	1	木	不
2247	杰	0	NA	NA
2248	杳	0	NA	NA
2249	杵	1	人	虍
2250	杷	0	NA	NA
2251	杼	1	木	主
2252	松	1	木	公
2253	板	1	木	反
2254	极	1	木	亟
2255	构	0	NA	NA
2256	枇	0	NA	NA
2257	枉	1	木	㞷
2258	枋	1	木	方
2259	析	0	NA	NA
2260	枕	1	木	冘
2261	林	0	NA	NA
2262	枚	0	NA	NA
2263	果	0	NA	NA
2264	枝	1	木	支
2265	枢	1	木	區
2266	枣	0	NA	NA
2267	枪	1	木	倉
2268	枫	1	木	風
2269	枭	0	NA	NA
2270	枯	1	木	古
2271	枰	1	八	釆
2272	枳	0	NA	NA
2273	架	1	木	加
2274	枷	1	木	加
2275	枸	0	NA	NA
2276	柄	1	木	丙
2277	柏	1	木	白
2278	某	0	NA	NA
2279	柑	0	NA	NA
2280	柒	0	NA	NA
2281	染	1	水	杂
2282	柔	1	木	矛
2283	柘	0	NA	NA
2284	柚	1	木	由
2285	柜	1	木	匱
2286	柞	0	NA	NA
2287	柠	0	NA	NA
2288	柢	0	NA	NA
2289	查	1	木	且
2290	柩	0	NA	NA
2291	柬	0	NA	NA
2292	柯	0	NA	NA
2293	柱	1	木	主
2294	柳	1	木	卯
2295	柴	1	木	此
2296	査	0	NA	NA
2297	柿	1	木	市
2298	栀	0	NA	NA
2299	栃	0	NA	NA
2300	栄	0	NA	NA
2301	栅	0	NA	NA
2302	标	1	木	票
2303	栈	1	木	戔
2304	栉	1	木	即
2305	栋	1	木	東
2306	栎	1	木	樂
2307	栏	1	木	闌
2308	树	0	NA	NA
2309	栓	0	NA	NA
2310	栖	1	木	妻
2311	栗	0	NA	NA
2312	校	1	木	交
2313	栩	0	NA	NA
2314	株	0	NA	NA
2315	样	0	NA	NA
2316	核	1	木	亥
2317	根	1	木	艮
2318	格	1	木	各
2319	栽	1	木	𢦔
2320	栾	0	NA	NA
2321	桀	0	NA	NA
2322	桁	0	NA	NA
2323	桂	1	木	圭
2324	桃	1	木	兆
2325	桅	0	NA	NA
2326	框	1	木	匡
2327	案	1	木	安
2328	桉	0	NA	NA
2329	桌	1	木	卓
2330	桎	0	NA	NA
2331	桐	1	木	同
2332	桑	0	NA	NA
2333	桓	1	木	亘
2334	桔	1	口	气
2335	桜	0	NA	NA
2336	桠	1	木	亞
2337	桡	0	NA	NA
2338	桢	0	NA	NA
2339	档	1	木	當
2340	桥	1	木	喬
2341	桦	0	NA	NA
2342	桧	0	NA	NA
2343	桨	1	木	將
2344	桩	1	木	舂
2345	桶	1	木	甬
2346	梁	1	水	刅
2347	梅	1	木	每
2348	梆	1	帛	封
2349	梏	0	NA	NA
2350	梓	0	NA	NA
2351	梗	1	木	更
2352	梢	1	木	肖
2353	梦	0	NA	NA
2354	梧	1	木	吾
2355	梨	1	木	𥝢
2356	梭	1	木	夋
2357	梯	1	木	弟
2358	械	0	NA	NA
2359	梳	0	NA	NA
2360	梵	1	林	凡
2361	检	0	NA	NA
2362	棂	0	NA	NA
2363	棉	0	NA	NA
2364	棋	1	木	其
2365	棍	1	木	昆
2366	棒	1	木	奉
2367	棕	1	木	宗
2368	棘	0	NA	NA
2369	棚	1	木	朋
2370	棠	1	木	尚
2371	棣	0	NA	NA
2372	森	0	NA	NA
2373	棱	1	木	夌
2374	棵	1	木	果
2375	棹	1	手	卓
2376	棺	1	木	官
2377	椁	0	NA	NA
2378	椅	1	木	奇
2379	椋	0	NA	NA
2380	植	0	NA	NA
2381	椎	1	木	隹
2382	椒	1	木	叔
2383	検	0	NA	NA
2384	椪	1	石	並
2385	椭	0	NA	NA
2386	椰	1	木	耶
2387	椹	0	NA	NA
2388	椽	0	NA	NA
2389	椿	1	木	屯
2390	楂	1	木	查
2391	楔	0	NA	NA
2392	楚	1	林	疋
2393	楝	1	木	柬
2394	楞	0	NA	NA
2395	楠	0	NA	NA
2396	楣	1	木	眉
2397	楫	0	NA	NA
2398	楮	0	NA	NA
2399	楷	1	木	皆
2400	楸	0	NA	NA
2401	楹	1	井	幵
2402	楼	1	木	婁
2403	楽	0	NA	NA
2404	概	1	木	既
2405	榄	0	NA	NA
2406	榆	0	NA	NA
2407	榈	1	木	閭
2408	榉	0	NA	NA
2409	榔	1	水	良
2410	榕	1	宀	公
2411	榖	0	NA	NA
2412	榛	0	NA	NA
2413	榜	1	木	旁
2414	榨	1	木	窄
2415	榫	0	NA	NA
2416	榭	1	木	射
2417	榱	0	NA	NA
2418	榴	1	木	留
2419	榷	1	木	隺
2420	榻	1	木	𦐇
2421	槁	1	木	高
2422	槃	1	木	般
2423	槌	1	𨸏	余
2424	槎	0	NA	NA
2425	槐	1	木	鬼
2426	様	0	NA	NA
2427	槛	1	木	監
2428	槟	0	NA	NA
2429	槭	0	NA	NA
2430	槲	1	酉	告
2431	槻	0	NA	NA
2432	槽	1	木	曹
2433	槿	1	人	堇
2434	樊	0	NA	NA
2435	樑	1	木	梁
2436	樟	1	肉	爿
2437	模	1	木	莫
2438	権	0	NA	NA
2439	横	1	木	黃
2440	樯	0	NA	NA
2441	樱	1	木	嬰
2442	樵	1	木	焦
2443	樽	0	NA	NA
2444	樾	0	NA	NA
2445	橄	0	NA	NA
2446	橇	0	NA	NA
2447	橐	0	NA	NA
2448	橘	1	木	矞
2449	橙	1	木	登
2450	橡	1	木	象
2451	橱	1	木	廚
2452	橹	1	盾	虎
2453	橼	0	NA	NA
2454	檀	1	木	亶
2455	檄	0	NA	NA
2456	檎	1	金	金
2457	檐	1	木	詹
2458	檗	1	木	辟
2459	檬	1	艸	冡
2460	欠	0	NA	NA
2461	次	0	NA	NA
2462	欢	1	欠	雚
2463	欣	0	NA	NA
2464	欧	1	欠	區
2465	欲	1	欠	谷
2466	欸	0	NA	NA
2467	欺	1	欠	其
2468	款	0	NA	NA
2469	歆	0	NA	NA
2470	歇	1	欠	曷
2471	歉	1	欠	兼
2472	歌	1	言	可
2473	歓	0	NA	NA
2474	歙	0	NA	NA
2475	歛	1	月	僉
2476	止	0	NA	NA
2477	正	1	止	丁
2478	此	0	NA	NA
2479	步	0	NA	NA
2480	武	0	NA	NA
2481	歧	1	止	支
2482	歩	0	NA	NA
2483	歪	0	NA	NA
2484	歯	0	NA	NA
2485	歳	0	NA	NA
2486	歴	0	NA	NA
2487	歹	0	NA	NA
2488	死	0	NA	NA
2489	歼	0	NA	NA
2490	殁	0	NA	NA
2491	殃	1	歺	央
2492	殆	1	歺	台
2493	殇	0	NA	NA
2494	殉	1	歺	旬
2495	殊	0	NA	NA
2496	残	1	歺	戔
2497	殒	0	NA	NA
2498	殓	0	NA	NA
2499	殖	1	歺	直
2500	殡	0	NA	NA
2501	殴	1	攴	區
2502	段	0	NA	NA
2503	殷	0	NA	NA
2504	殿	0	NA	NA
2505	毁	0	NA	NA
2506	毂	0	NA	NA
2507	毅	1	殳	豙
2508	毋	0	NA	NA
2509	母	0	NA	NA
2510	毎	0	NA	NA
2511	每	0	NA	NA
2512	毒	0	NA	NA
2513	毓	0	NA	NA
2514	比	0	NA	NA
2515	毕	0	NA	NA
2516	毗	0	NA	NA
2517	毘	0	NA	NA
2518	毙	0	NA	NA
2519	毛	0	NA	NA
2520	毡	0	NA	NA
2521	毫	0	NA	NA
2522	毯	1	毛	炎
2523	毽	0	NA	NA
2524	氏	0	NA	NA
2525	氐	0	NA	NA
2526	民	0	NA	NA
2527	氓	1	民	亡
2528	气	0	NA	NA
2529	氖	1	女	乃
2530	気	0	NA	NA
2531	氙	0	NA	NA
2532	氛	1	气	分
2533	氟	1	气	弗
2534	氡	0	NA	NA
2535	氢	0	NA	NA
2536	氤	0	NA	NA
2537	氦	0	NA	NA
2538	氧	1	气	羊
2539	氨	1	气	安
2540	氪	0	NA	NA
2541	氮	0	NA	NA
2542	氯	1	氣	錄
2543	氰	1	水	青
2544	氲	0	NA	NA
2545	水	0	NA	NA
2546	永	0	NA	NA
2547	氹	0	NA	NA
2548	氾	0	NA	NA
2549	汀	0	NA	NA
2550	汁	1	水	十
2551	求	0	NA	NA
2552	汆	0	NA	NA
2553	汇	1	匚	淮
2554	汉	0	NA	NA
2555	汎	0	NA	NA
2556	汐	1	目	直
2557	汕	0	NA	NA
2558	汗	1	水	干
2559	汙	1	水	于
2560	汛	1	水	卂
2561	汝	1	水	女
2562	汞	1	穴	工
2563	江	1	水	工
2564	池	1	水	它
2565	污	0	NA	NA
2566	汤	1	水	昜
2567	汨	1	水	日
2568	汩	1	水	曰
2569	汪	1	水	㞷
2570	汰	0	NA	NA
2571	汲	1	水	及
2572	汴	0	NA	NA
2573	汶	0	NA	NA
2574	汹	0	NA	NA
2575	汽	1	水	气
2576	汾	1	水	分
2577	沁	1	水	心
2578	沂	0	NA	NA
2579	沃	0	NA	NA
2580	沅	1	水	元
2581	沈	1	水	冘
2582	沉	0	NA	NA
2583	沌	1	水	屯
2584	沏	0	NA	NA
2585	沐	1	水	木
2586	沓	0	NA	NA
2587	沙	0	NA	NA
2588	沛	1	水	巿
2589	沟	0	NA	NA
2590	没	0	NA	NA
2591	沢	0	NA	NA
2592	沣	0	NA	NA
2593	沥	1	水	歴
2594	沦	0	NA	NA
2595	沧	1	水	倉
2596	沪	1	水	扈
2597	沫	1	水	末
2598	沭	1	行	朮
2599	沮	0	NA	NA
2600	沱	1	水	它
2601	河	1	水	𣄰
2602	沸	1	水	弗
2603	油	1	水	由
2604	治	1	水	台
2605	沼	1	水	召
2606	沽	1	水	古
2607	沾	1	水	占
2608	沿	1	水	㕣
2609	泄	1	水	世
2610	泉	0	NA	NA
2611	泊	1	水	白
2612	泌	1	水	柲
2613	泓	1	水	弘
2614	法	0	NA	NA
2615	泗	0	NA	NA
2616	泛	1	水	乏
2617	泞	1	水	寧
2618	泠	0	NA	NA
2619	泡	1	水	包
2620	波	1	水	皮
2621	泣	1	水	立
2622	泥	1	水	尼
2623	注	0	NA	NA
2624	泪	0	NA	NA
2625	泫	0	NA	NA
2626	泮	1	刀	半
2627	泯	1	又	每
2628	泰	1	廾	大
2629	泱	1	骨	亢
2630	泳	0	NA	NA
2631	泵	0	NA	NA
2632	泷	1	水	龍
2633	泸	0	NA	NA
2634	泻	1	水	寫
2635	泼	1	水	發
2636	泽	1	水	睪
2637	泾	1	水	巠
2638	洁	1	水	絜
2639	洄	0	NA	NA
2640	洋	1	水	羊
2641	洒	1	水	西
2642	洗	0	NA	NA
2643	洙	0	NA	NA
2644	洛	1	水	各
2645	洞	1	水	同
2646	津	0	NA	NA
2647	洩	1	水	世
2648	洪	1	水	共
2649	洮	1	手	䍃
2650	洱	1	水	耳
2651	洲	1	水	州
2652	洵	1	力	雚
2653	洸	1	火	光
2654	洹	0	NA	NA
2655	活	1	水	𠯑
2656	洼	1	水	窐
2657	洽	1	水	合
2658	派	0	NA	NA
2659	流	0	NA	NA
2660	浃	0	NA	NA
2661	浄	0	NA	NA
2662	浅	0	NA	NA
2663	浆	1	水	將
2664	浇	1	水	堯
2665	浊	1	水	蜀
2666	测	1	水	則
2667	济	1	水	齊
2668	浏	0	NA	NA
2669	浑	1	水	軍
2670	浒	1	水	許
2671	浓	1	水	農
2672	浔	1	水	尋
2673	浙	1	水	折
2674	浚	1	水	夋
2675	浜	0	NA	NA
2676	浣	0	NA	NA
2677	浦	1	水	甫
2678	浩	1	水	告
2679	浪	1	水	良
2680	浬	1	玉	里
2681	浮	1	水	孚
2682	浯	0	NA	NA
2683	浴	1	人	谷
2684	海	1	水	每
2685	浸	0	NA	NA
2686	涂	1	水	余
2687	涅	0	NA	NA
2688	消	1	水	肖
2689	涉	0	NA	NA
2690	涌	1	水	甬
2691	涎	0	NA	NA
2692	涓	1	水	肙
2693	涔	0	NA	NA
2694	涕	1	雨	弟
2695	涙	0	NA	NA
2696	涛	1	水	壽
2697	涝	0	NA	NA
2698	涞	0	NA	NA
2699	涟	1	水	連
2700	涠	0	NA	NA
2701	涡	1	水	咼
2702	涣	1	水	奐
2703	涤	1	水	條
2704	润	1	水	閏
2705	涧	1	水	間
2706	涨	1	水	張
2707	涩	1	水	歰
2708	涪	1	水	孚
2709	涮	1	囗	卷
2710	涯	0	NA	NA
2711	液	1	水	夜
2712	涵	1	水	圅
2713	涸	0	NA	NA
2714	涿	0	NA	NA
2715	淀	1	水	定
2716	淄	0	NA	NA
2717	淅	1	水	析
2718	淆	1	水	肴
2719	淇	0	NA	NA
2720	淋	1	水	林
2721	淌	1	水	尚
2722	淑	1	心	弔
2723	淖	0	NA	NA
2724	淘	1	水	匋
2725	淙	0	NA	NA
2726	淞	0	NA	NA
2727	淡	1	水	炎
2728	淤	1	水	於
2729	淦	0	NA	NA
2730	淩	0	NA	NA
2731	淫	0	NA	NA
2732	淬	0	NA	NA
2733	淮	1	水	隹
2734	深	1	水	罙
2735	淳	0	NA	NA
2736	混	1	水	昆
2737	淹	1	水	奄
2738	添	1	水	忝
2739	淼	0	NA	NA
2740	清	1	水	青
2741	済	0	NA	NA
2742	渉	0	NA	NA
2743	渊	0	NA	NA
2744	渋	0	NA	NA
2745	渍	1	水	責
2746	渎	1	水	賣
2747	渐	1	水	斬
2748	渔	0	NA	NA
2749	渗	1	水	參
2750	渚	0	NA	NA
2751	渝	1	水	俞
2752	渠	0	NA	NA
2753	渡	1	水	度
2754	渣	1	水	查
2755	渤	1	弓	癹
2756	渥	1	手	屋
2757	温	0	NA	NA
2758	渭	0	NA	NA
2759	港	1	水	䢽
2760	渲	1	水	宣
2761	渴	1	水	曷
2762	游	0	NA	NA
2763	渺	1	水	眇
2764	湃	1	水	拜
2765	湄	1	水	眉
2766	湍	1	口	耑
2767	湖	1	水	胡
2768	湘	1	水	相
2769	湛	1	水	甚
2770	湟	0	NA	NA
2771	湫	0	NA	NA
2772	湮	1	水	垔
2773	湾	1	水	彎
2774	湿	0	NA	NA
2775	満	0	NA	NA
2776	溃	1	水	貴
2777	溅	1	水	賤
2778	溉	1	水	既
2779	溏	1	冂	尚
2780	源	0	NA	NA
2781	溜	1	水	留
2782	溟	0	NA	NA
2783	溢	0	NA	NA
2784	溥	1	水	尃
2785	溧	0	NA	NA
2786	溪	1	水	奚
2787	溯	1	水	朔
2788	溱	0	NA	NA
2789	溴	0	NA	NA
2790	溶	1	水	容
2791	溺	0	NA	NA
2792	溼	0	NA	NA
2793	滁	1	𨸏	余
2794	滂	1	水	旁
2795	滇	1	阜	丁
2796	滋	1	水	茲
2797	滑	1	水	骨
2798	滓	0	NA	NA
2799	滔	1	水	舀
2800	滕	1	火	朕
2801	滚	1	水	袞
2802	滝	0	NA	NA
2803	滞	1	水	帶
2804	滟	0	NA	NA
2805	满	1	水	㒼
2806	滢	0	NA	NA
2807	滤	1	水	慮
2808	滥	1	水	監
2809	滦	0	NA	NA
2810	滨	1	水	賓
2811	滩	1	水	難
2812	滴	1	水	啻
2813	漂	1	水	票
2814	漆	1	水	桼
2815	漉	1	水	鹿
2816	漏	1	水	屚
2817	漓	1	水	离
2818	演	1	水	寅
2819	漕	1	水	曹
2820	漠	1	水	莫
2821	漩	1	水	旋
2822	漪	1	水	猗
2823	漫	1	水	曼
2824	漯	1	衣	里
2825	漱	0	NA	NA
2826	漳	1	肉	爿
2827	漾	1	水	羕
2828	潆	0	NA	NA
2829	潇	1	水	蕭
2830	潋	0	NA	NA
2831	潍	0	NA	NA
2832	潘	1	水	番
2833	潜	0	NA	NA
2834	潞	0	NA	NA
2835	潟	1	工	弋
2836	潢	1	水	黃
2837	潦	1	水	尞
2838	潭	1	水	覃
2839	潮	1	水	朝
2840	潴	0	NA	NA
2841	潸	0	NA	NA
2842	潺	1	水	孱
2843	潼	0	NA	NA
2844	澄	1	水	登
2845	澈	0	NA	NA
2846	澍	0	NA	NA
2847	澎	1	水	彭
2848	澜	1	水	闌
2849	澡	1	水	喿
2850	澧	1	水	豊
2851	澳	1	水	奧
2852	澹	1	水	詹
2853	激	1	水	敫
2854	濂	1	广	兼
2855	濑	0	NA	NA
2856	濒	0	NA	NA
2857	濠	0	NA	NA
2858	濡	0	NA	NA
2859	濮	0	NA	NA
2860	濯	1	水	翟
2861	瀑	1	水	暴
2862	瀚	1	水	瀚
2863	瀛	1	井	幵
2864	瀬	0	NA	NA
2865	灌	1	水	雚
2866	灏	0	NA	NA
2867	灞	1	手	巴
2868	火	0	NA	NA
2869	灭	1	水	烕
2870	灯	0	NA	NA
2871	灰	0	NA	NA
2872	灵	0	NA	NA
2873	灶	0	NA	NA
2874	灸	1	穴	九
2875	灼	1	火	勺
2876	灾	0	NA	NA
2877	灿	1	火	粲
2878	炀	0	NA	NA
2879	炁	0	NA	NA
2880	炅	1	火	日
2881	炉	0	NA	NA
2882	炊	0	NA	NA
2883	炎	0	NA	NA
2884	炒	1	火	少
2885	炔	0	NA	NA
2886	炕	1	火	亢
2887	炖	0	NA	NA
2888	炙	0	NA	NA
2889	炜	0	NA	NA
2890	炫	1	火	玄
2891	炬	1	火	巨
2892	炭	0	NA	NA
2893	炮	1	火	包
2894	炯	0	NA	NA
2895	炳	0	NA	NA
2896	炷	0	NA	NA
2897	炸	1	火	乍
2898	点	1	黑	占
2899	炼	1	火	柬
2900	炽	1	火	戠
2901	烁	1	火	樂
2902	烂	1	火	闌
2903	烃	1	火	巠
2904	烈	1	火	列
2905	烊	0	NA	NA
2906	烘	1	火	共
2907	烙	1	火	各
2908	烛	0	NA	NA
2909	烟	0	NA	NA
2910	烤	1	火	考
2911	烦	0	NA	NA
2912	烧	1	火	堯
2913	烨	0	NA	NA
2914	烩	0	NA	NA
2915	烫	0	NA	NA
2916	烬	1	火	盡
2917	热	1	火	埶
2918	烯	0	NA	NA
2919	烷	1	火	完
2920	烹	0	NA	NA
2921	烽	1	虫	凡
2922	焉	1	鳥	正
2923	焊	1	火	旱
2924	焕	1	火	奐
2925	焖	0	NA	NA
2926	焗	0	NA	NA
2927	焘	0	NA	NA
2928	焙	1	火	咅
2929	焚	0	NA	NA
2930	焜	1	勹	勻
2931	焦	0	NA	NA
2932	焯	1	木	卓
2933	焰	1	火	臽
2934	焱	0	NA	NA
2935	然	0	NA	NA
2936	焼	0	NA	NA
2937	煅	0	NA	NA
2938	煊	0	NA	NA
2939	煌	1	火	皇
2940	煎	1	火	前
2941	煖	1	囗	卷
2942	煜	0	NA	NA
2943	煞	0	NA	NA
2944	煤	1	火	某
2945	煦	1	火	昫
2946	照	1	火	昭
2947	煨	0	NA	NA
2948	煮	0	NA	NA
2949	煲	1	口	甫
2950	煸	0	NA	NA
2951	煽	1	火	扇
2952	熄	0	NA	NA
2953	熊	1	火	熊
2954	熏	0	NA	NA
2955	熔	1	火	容
2956	熙	0	NA	NA
2957	熟	0	NA	NA
2958	熠	1	水	立
2959	熨	1	水	昜
2960	熬	1	火	敖
2961	熵	0	NA	NA
2962	熹	0	NA	NA
2963	燃	0	NA	NA
2964	燄	0	NA	NA
2965	燊	0	NA	NA
2966	燎	0	NA	NA
2967	燔	1	火	番
2968	燕	1	鳥	妟
2969	燥	1	火	喿
2970	燧	0	NA	NA
2971	燮	0	NA	NA
2972	燻	0	NA	NA
2973	燿	1	水	堯
2974	爆	1	火	暴
2975	爪	0	NA	NA
2976	爬	1	爪	巴
2977	爰	0	NA	NA
2978	爱	1	心	兂
2979	爵	1	又	少
2980	父	0	NA	NA
2981	爷	1	父	耶
2982	爸	1	父	巴
2983	爹	1	父	多
2984	爻	0	NA	NA
2985	爽	0	NA	NA
2986	片	1	竹	𣂔
2987	版	1	片	反
2988	牌	1	片	卑
2989	牍	0	NA	NA
2990	牒	1	土	執
2991	牙	0	NA	NA
2992	牛	0	NA	NA
2993	牝	1	牛	匕
2994	牟	0	NA	NA
2995	牠	0	NA	NA
2996	牡	0	NA	NA
2997	牢	0	NA	NA
2998	牦	0	NA	NA
2999	牧	0	NA	NA
3000	物	1	牛	勿
3001	牯	0	NA	NA
3002	牲	1	牛	生
3003	牴	0	NA	NA
3004	牵	1	牛	玄
3005	特	1	牛	寺
3006	牺	0	NA	NA
3007	犀	1	牛	尾
3008	犁	1	牛	利
3009	犄	1	木	幾
3010	犊	1	牛	𧶠
3011	犍	0	NA	NA
3012	犒	1	女	子
3013	犬	0	NA	NA
3014	犯	1	犬	㔾
3015	状	1	犬	爿
3016	犷	1	犬	廣
3017	犸	0	NA	NA
3018	犹	0	NA	NA
3019	狂	0	NA	NA
3020	狄	0	NA	NA
3021	狈	1	犬	貝
3022	狎	1	山	夾
3023	狐	1	犬	瓜
3024	狒	1	貝	弗
3025	狗	1	犬	句
3026	狙	0	NA	NA
3027	狞	1	犬	寧
3028	狠	1	犬	艮
3029	狡	1	犬	交
3030	狩	0	NA	NA
3031	独	0	NA	NA
3032	狭	1	犬	夾
3033	狮	1	犬	師
3034	狰	1	犬	爭
3035	狱	1	言	䇂
3036	狸	1	隹	离
3037	狼	1	犬	良
3038	猎	0	NA	NA
3039	猕	0	NA	NA
3040	猖	1	犬	昌
3041	猗	0	NA	NA
3042	猛	1	犬	孟
3043	猜	1	犬	青
3044	猝	0	NA	NA
3045	猥	1	大	胃
3046	猩	1	磬	殸
3047	猪	0	NA	NA
3048	猫	0	NA	NA
3049	猬	0	NA	NA
3050	献	0	NA	NA
3051	猴	1	犬	矦
3052	猷	1	犬	酉
3053	猾	1	犬	骨
3054	猿	0	NA	NA
3055	獐	0	NA	NA
3056	獒	1	火	敖
3057	獗	1	犭	厥
3058	獠	0	NA	NA
3059	獣	0	NA	NA
3060	獭	0	NA	NA
3061	獾	1	欠	雚
3062	玄	0	NA	NA
3063	率	0	NA	NA
3064	玉	0	NA	NA
3065	王	0	NA	NA
3066	玑	0	NA	NA
3067	玖	0	NA	NA
3068	玛	1	玉	馬
3069	玟	1	王	文
3070	玠	0	NA	NA
3071	玥	0	NA	NA
3072	玩	1	玉	元
3073	玫	1	玉	文
3074	玮	0	NA	NA
3075	环	1	玉	睘
3076	现	1	王	見
3077	玲	1	玉	令
3078	玳	0	NA	NA
3079	玷	1	黑	占
3080	玺	0	NA	NA
3081	玻	1	玉	皮
3082	珀	1	手	白
3083	珂	1	阜	可
3084	珅	0	NA	NA
3085	珈	1	玉	加
3086	珉	0	NA	NA
3087	珊	0	NA	NA
3088	珍	1	玉	㐱
3089	珏	0	NA	NA
3090	珐	0	NA	NA
3091	珑	0	NA	NA
3092	珙	0	NA	NA
3093	珞	0	NA	NA
3094	珠	1	玉	朱
3095	珣	1	言	旬
3096	珥	0	NA	NA
3097	珩	0	NA	NA
3098	珪	0	NA	NA
3099	班	0	NA	NA
3100	珲	0	NA	NA
3101	珺	1	邑	君
3102	球	1	玉	求
3103	琅	1	玉	良
3104	理	1	玉	里
3105	琇	0	NA	NA
3106	琉	0	NA	NA
3107	琏	0	NA	NA
3108	琐	1	玉	𧴪
3109	琛	0	NA	NA
3110	琢	1	玉	豖
3111	琥	1	言	午
3112	琦	0	NA	NA
3113	琨	0	NA	NA
3114	琪	0	NA	NA
3115	琬	0	NA	NA
3116	琮	1	玉	宗
3117	琰	1	水	杂
3118	琲	0	NA	NA
3119	琳	1	玉	林
3120	琴	1	金	金
3121	琵	1	瑟	比
3122	琶	1	瑟	巴
3123	琼	0	NA	NA
3124	瑀	0	NA	NA
3125	瑁	0	NA	NA
3126	瑄	0	NA	NA
3127	瑕	1	玉	叚
3128	瑗	1	𨸏	完
3129	瑙	0	NA	NA
3130	瑚	1	口	禾
3131	瑛	1	心	𨿳
3132	瑜	1	玉	俞
3133	瑞	1	玉	耑
3134	瑟	0	NA	NA
3135	瑰	1	玉	鬼
3136	瑶	0	NA	NA
3137	瑾	0	NA	NA
3138	璀	1	玉	崔
3139	璁	0	NA	NA
3140	璃	1	玉	离
3141	璇	1	行	睘
3142	璋	1	玉	章
3143	璎	0	NA	NA
3144	璐	0	NA	NA
3145	璜	1	玉	黃
3146	璞	1	手	菐
3147	璟	0	NA	NA
3148	璧	1	玉	辟
3149	璨	1	玉	粲
3150	璿	0	NA	NA
3151	瓒	0	NA	NA
3152	瓜	0	NA	NA
3153	瓢	0	NA	NA
3154	瓣	1	瓜	辡
3155	瓤	0	NA	NA
3156	瓦	0	NA	NA
3157	瓮	0	NA	NA
3158	瓯	0	NA	NA
3159	瓴	0	NA	NA
3160	瓶	1	瓦	并
3161	瓷	1	瓦	次
3162	甄	1	瓦	垔
3163	甘	0	NA	NA
3164	甙	0	NA	NA
3165	甚	0	NA	NA
3166	甜	0	NA	NA
3167	生	0	NA	NA
3168	産	0	NA	NA
3169	甥	0	NA	NA
3170	用	0	NA	NA
3171	甩	0	NA	NA
3172	甫	0	NA	NA
3173	甬	0	NA	NA
3174	甭	0	NA	NA
3175	田	0	NA	NA
3176	由	1	口	丨
3177	甲	0	NA	NA
3178	申	0	NA	NA
3179	电	0	NA	NA
3180	男	0	NA	NA
3181	甸	0	NA	NA
3182	町	0	NA	NA
3183	画	0	NA	NA
3184	甾	0	NA	NA
3185	畀	0	NA	NA
3186	畅	1	申	昜
3187	界	0	NA	NA
3188	畏	0	NA	NA
3189	畑	0	NA	NA
3190	畔	1	田	半
3191	留	1	田	卯
3192	畜	0	NA	NA
3193	略	1	田	各
3194	畦	1	田	圭
3195	番	1	田	釆
3196	畲	0	NA	NA
3197	畳	0	NA	NA
3198	畴	0	NA	NA
3199	畸	1	田	奇
3200	畹	0	NA	NA
3201	畿	0	NA	NA
3202	疆	1	土	彊
3203	疏	0	NA	NA
3204	疑	0	NA	NA
3205	疔	1	金	丁
3206	疖	0	NA	NA
3207	疗	1	疒	尞
3208	疙	1	口	气
3209	疚	1	疒	久
3210	疝	0	NA	NA
3211	疟	0	NA	NA
3212	疡	0	NA	NA
3213	疣	0	NA	NA
3214	疤	1	疒	巴
3215	疥	1	疒	介
3216	疫	0	NA	NA
3217	疮	1	疒	倉
3218	疯	1	疒	風
3219	疱	0	NA	NA
3220	疲	1	疒	皮
3221	疳	0	NA	NA
3222	疵	0	NA	NA
3223	疸	1	肉	詹
3224	疹	0	NA	NA
3225	疼	1	疒	冬
3226	疽	0	NA	NA
3227	疾	0	NA	NA
3228	痂	0	NA	NA
3229	病	1	疒	丙
3230	症	1	疒	正
3231	痈	0	NA	NA
3232	痉	1	疒	巠
3233	痊	0	NA	NA
3234	痍	0	NA	NA
3235	痒	1	疒	養
3236	痔	0	NA	NA
3237	痕	1	疒	艮
3238	痘	1	言	）
3239	痛	1	疒	甬
3240	痞	0	NA	NA
3241	痠	1	疒	夋
3242	痢	0	NA	NA
3243	痣	0	NA	NA
3244	痤	0	NA	NA
3245	痧	0	NA	NA
3246	痨	0	NA	NA
3247	痪	1	疒	奐
3248	痫	0	NA	NA
3249	痰	1	言	炎
3250	痱	0	NA	NA
3251	痴	0	NA	NA
3252	痹	0	NA	NA
3253	痼	1	囗	古
3254	痿	0	NA	NA
3255	瘀	1	疒	於
3256	瘁	1	疒	卒
3257	瘘	0	NA	NA
3258	瘙	1	攴	婁
3259	瘟	1	疒	𥁕
3260	瘠	1	疒	脊
3261	瘢	0	NA	NA
3262	瘤	1	疒	留
3263	瘦	1	疒	叜
3264	瘩	0	NA	NA
3265	瘪	0	NA	NA
3266	瘫	1	疒	難
3267	瘴	1	肉	爿
3268	瘸	1	馬	奇
3269	瘾	1	疒	隱
3270	癌	1	疒	喦
3271	癖	1	疒	辟
3272	癜	0	NA	NA
3273	癞	0	NA	NA
3274	癣	0	NA	NA
3275	癫	1	疒	顛
3276	癸	0	NA	NA
3277	発	0	NA	NA
3278	登	0	NA	NA
3279	白	0	NA	NA
3280	百	1	一	白
3281	皂	0	NA	NA
3282	的	0	NA	NA
3283	皆	0	NA	NA
3284	皇	1	王	王
3285	皈	0	NA	NA
3286	皋	0	NA	NA
3287	皎	1	白	交
3288	皑	0	NA	NA
3289	皓	1	禾	高
3290	皖	1	石	宛
3291	皙	1	工	弋
3292	皮	0	NA	NA
3293	皱	1	皮	芻
3294	皴	1	木	屯
3295	皿	0	NA	NA
3296	盂	0	NA	NA
3297	盅	1	皿	中
3298	盆	1	皿	分
3299	盈	0	NA	NA
3300	益	0	NA	NA
3301	盎	0	NA	NA
3302	盏	1	皿	戔
3303	盐	1	鹵	監
3304	监	0	NA	NA
3305	盒	1	皿	合
3306	盔	0	NA	NA
3307	盖	0	NA	NA
3308	盗	0	NA	NA
3309	盘	1	皿	般
3310	盛	1	皿	成
3311	盟	1	朙	朙
3312	盥	0	NA	NA
3313	目	0	NA	NA
3314	盯	1	目	丁
3315	盱	1	目	于
3316	盲	1	目	亡
3317	直	1	目	直
3318	相	0	NA	NA
3319	盹	1	目	屯
3320	盼	1	目	分
3321	盾	0	NA	NA
3322	省	1	屮	生
3323	眈	1	目	冘
3324	眉	0	NA	NA
3325	看	0	NA	NA
3326	県	0	NA	NA
3327	眙	0	NA	NA
3328	眞	0	NA	NA
3329	真	1	貝	𠂈
3330	眠	0	NA	NA
3331	眦	0	NA	NA
3332	眨	1	目	乏
3333	眩	1	目	玄
3334	眯	1	辵	米
3335	眶	1	目	匡
3336	眷	1	目	龹
3337	眸	1	目	牟
3338	眺	1	目	兆
3339	眼	1	目	艮
3340	着	1	艸	者
3341	睁	1	目	爭
3342	睇	0	NA	NA
3343	睐	0	NA	NA
3344	睑	0	NA	NA
3345	睛	1	目	青
3346	睡	1	目	垂
3347	睢	1	手	軍
3348	督	1	日	叔
3349	睥	0	NA	NA
3350	睦	1	目	坴
3351	睨	1	目	兒
3352	睪	0	NA	NA
3353	睫	1	目	疌
3354	睬	1	目	采
3355	睹	1	目	者
3356	睽	1	䀠	癸
3357	睾	0	NA	NA
3358	睿	0	NA	NA
3359	瞄	1	目	苗
3360	瞅	1	目	秋
3361	瞋	0	NA	NA
3362	瞌	1	目	盍
3363	瞎	1	目	害
3364	瞑	0	NA	NA
3365	瞒	1	目	㒼
3366	瞓	0	NA	NA
3367	瞟	1	目	票
3368	瞠	0	NA	NA
3369	瞥	0	NA	NA
3370	瞧	1	目	焦
3371	瞩	0	NA	NA
3372	瞪	1	目	登
3373	瞬	1	目	舜
3374	瞭	1	目	尞
3375	瞰	1	目	敢
3376	瞳	0	NA	NA
3377	瞻	1	目	詹
3378	瞿	0	NA	NA
3379	矍	0	NA	NA
3380	矗	0	NA	NA
3381	矛	0	NA	NA
3382	矜	0	NA	NA
3383	矢	0	NA	NA
3384	矣	1	矢	㠯
3385	知	0	NA	NA
3386	矩	0	NA	NA
3387	矫	1	矢	喬
3388	短	1	矢	豆
3389	矮	1	矢	委
3390	石	0	NA	NA
3391	矶	1	石	幾
3392	矽	1	目	直
3393	矾	0	NA	NA
3394	矿	1	石	廣
3395	码	1	石	馬
3396	砂	0	NA	NA
3397	砌	1	石	切
3398	砍	1	石	欠
3399	砒	0	NA	NA
3400	研	1	石	幵
3401	砖	1	石	專
3402	砗	0	NA	NA
3403	砚	1	石	見
3404	砝	1	弓	癹
3405	砣	0	NA	NA
3406	砥	0	NA	NA
3407	砧	1	金	十
3408	砭	0	NA	NA
3409	砰	1	石	平
3410	破	1	石	皮
3411	砷	0	NA	NA
3412	砸	1	石	匝
3413	砺	0	NA	NA
3414	砼	0	NA	NA
3415	砾	1	石	樂
3416	础	1	石	楚
3417	硅	1	石	圭
3418	硐	1	力	重
3419	硒	0	NA	NA
3420	硕	1	頁	石
3421	硝	1	石	肖
3422	硫	0	NA	NA
3423	硬	1	石	更
3424	确	0	NA	NA
3425	硼	0	NA	NA
3426	碁	0	NA	NA
3427	碇	1	宀	正
3428	碉	0	NA	NA
3429	碌	1	石	彔
3430	碍	0	NA	NA
3431	碎	1	石	卒
3432	碑	1	石	卑
3433	碓	0	NA	NA
3434	碗	1	石	宛
3435	碘	1	石	典
3436	碚	1	人	咅
3437	碛	0	NA	NA
3438	碟	1	石	枼
3439	碣	0	NA	NA
3440	碧	1	玉	白
3441	碰	1	石	並
3442	碱	0	NA	NA
3443	碳	1	石	炭
3444	碴	1	木	且
3445	碾	1	車	展
3446	磁	1	石	茲
3447	磅	1	石	旁
3448	磊	1	衣	里
3449	磋	0	NA	NA
3450	磐	0	NA	NA
3451	磕	1	石	盍
3452	磡	0	NA	NA
3453	磨	1	石	靡
3454	磬	0	NA	NA
3455	磲	0	NA	NA
3456	磷	1	石	粦
3457	磺	0	NA	NA
3458	礁	1	石	焦
3459	礴	1	艸	溥
3460	示	0	NA	NA
3461	礼	0	NA	NA
3462	社	0	NA	NA
3463	祀	1	示	巳
3464	祁	1	邑	示
3465	祂	0	NA	NA
3466	祇	0	NA	NA
3467	祈	1	示	斤
3468	祉	1	示	止
3469	祎	0	NA	NA
3470	祐	1	示	右
3471	祕	0	NA	NA
3472	祖	1	示	且
3473	祗	0	NA	NA
3474	祚	0	NA	NA
3475	祛	0	NA	NA
3476	祜	1	示	古
3477	祝	0	NA	NA
3478	神	1	示	申
3479	祟	0	NA	NA
3480	祠	1	示	司
3481	祢	0	NA	NA
3482	祥	0	NA	NA
3483	票	0	NA	NA
3484	祭	0	NA	NA
3485	祯	0	NA	NA
3486	祷	1	示	壽
3487	祸	1	示	咼
3488	祺	0	NA	NA
3489	禀	0	NA	NA
3490	禁	1	示	林
3491	禄	1	示	彔
3492	禅	1	示	單
3493	福	1	示	畐
3494	禛	1	貝	𠂈
3495	禧	1	巾	爻
3496	禹	0	NA	NA
3497	禺	0	NA	NA
3498	离	0	NA	NA
3499	禽	1	今	今
3500	禾	0	NA	NA
3501	秀	0	NA	NA
3502	私	1	禾	厶
3503	秃	0	NA	NA
3504	秆	0	NA	NA
3505	秉	0	NA	NA
3506	秋	0	NA	NA
3507	种	1	禾	重
3508	科	0	NA	NA
3509	秒	1	禾	少
3510	秘	1	禾	必
3511	租	1	禾	且
3512	秣	1	手	末
3513	秤	1	禾	平
3514	秦	0	NA	NA
3515	秧	1	禾	央
3516	秩	1	禾	失
3517	秭	1	禾	𠂔
3518	积	1	禾	責
3519	称	0	NA	NA
3520	秸	1	𨸏	皆
3521	移	1	禾	多
3522	秽	0	NA	NA
3523	稀	1	禾	希
3524	程	1	禾	呈
3525	稍	1	禾	肖
3526	税	1	禾	兌
3527	稔	1	禾	念
3528	稗	0	NA	NA
3529	稚	1	禾	屖
3530	稞	0	NA	NA
3531	稠	1	禾	周
3532	稣	1	木	魚
3533	稲	0	NA	NA
3534	稳	0	NA	NA
3535	稷	0	NA	NA
3536	稹	1	土	訢
3537	稻	0	NA	NA
3538	稼	1	禾	家
3539	稽	1	頁	旨
3540	稿	1	禾	高
3541	穂	0	NA	NA
3542	穆	0	NA	NA
3543	穗	0	NA	NA
3544	穴	1	八	八
3545	究	1	穴	九
3546	穷	1	穴	躳
3547	穹	1	穴	弓
3548	空	1	穴	工
3549	穿	0	NA	NA
3550	突	0	NA	NA
3551	窃	1	米	禼
3552	窄	1	穴	乍
3553	窈	0	NA	NA
3554	窍	0	NA	NA
3555	窑	0	NA	NA
3556	窒	1	穴	至
3557	窕	1	言	周
3558	窖	1	車	爻
3559	窗	0	NA	NA
3560	窘	0	NA	NA
3561	窜	0	NA	NA
3562	窝	1	穴	咼
3563	窟	1	穴	屈
3564	窠	0	NA	NA
3565	窥	1	穴	規
3566	窦	0	NA	NA
3567	窨	0	NA	NA
3568	窿	1	辛	兄
3569	立	0	NA	NA
3570	竖	0	NA	NA
3571	站	1	立	占
3572	竜	0	NA	NA
3573	竞	0	NA	NA
3574	竟	0	NA	NA
3575	章	0	NA	NA
3576	竣	1	立	夋
3577	童	0	NA	NA
3578	竭	1	立	曷
3579	端	1	立	耑
3580	竹	0	NA	NA
3581	竺	0	NA	NA
3582	竽	1	于	于
3583	竿	1	竹	干
3584	笃	1	馬	竹
3585	笆	0	NA	NA
3586	笈	1	糸	及
3587	笋	0	NA	NA
3588	笏	0	NA	NA
3589	笑	0	NA	NA
3590	笔	0	NA	NA
3591	笙	0	NA	NA
3592	笛	1	竹	笛
3593	笞	0	NA	NA
3594	笠	1	竹	立
3595	符	0	NA	NA
3596	笨	1	竹	本
3597	第	0	NA	NA
3598	笺	0	NA	NA
3599	笼	1	竹	龍
3600	等	0	NA	NA
3601	筊	1	手	高
3602	筋	0	NA	NA
3603	筏	1	門	伐
3604	筐	0	NA	NA
3605	筑	1	木	筑
3606	筒	1	竹	同
3607	答	0	NA	NA
3608	策	1	竹	𣂔
3609	筛	0	NA	NA
3610	筝	0	NA	NA
3611	筠	1	勹	勻
3612	筱	0	NA	NA
3613	筲	1	木	肖
3614	筵	1	竹	妟
3615	筷	1	竹	快
3616	筹	1	竹	壽
3617	签	1	竹	僉
3618	简	1	竹	外
3619	箍	1	竹	㧜
3620	箐	1	肉	爿
3621	箔	1	艸	溥
3622	箕	0	NA	NA
3623	算	0	NA	NA
3624	箝	1	金	甘
3625	管	0	NA	NA
3626	箩	1	竹	羅
3627	箫	1	竹	肅
3628	箭	1	竹	前
3629	箱	1	竹	相
3630	箴	1	金	十
3631	箸	0	NA	NA
3632	篁	0	NA	NA
3633	篆	0	NA	NA
3634	篇	0	NA	NA
3635	篑	0	NA	NA
3636	篓	1	竹	婁
3637	篙	0	NA	NA
3638	篝	0	NA	NA
3639	篠	0	NA	NA
3640	篡	1	厶	算
3641	篪	0	NA	NA
3642	篮	1	竹	監
3643	篱	1	竹	離
3644	篷	1	竹	逢
3645	簇	1	竹	族
3646	簌	1	攴	婁
3647	簦	1	火	登
3648	簧	1	竹	黃
3649	簪	0	NA	NA
3650	簸	1	箕	皮
3651	簿	1	竹	溥
3652	籁	1	竹	賴
3653	籍	1	艸	耤
3654	米	0	NA	NA
3655	类	0	NA	NA
3656	籼	0	NA	NA
3657	籽	0	NA	NA
3658	粉	1	米	分
3659	粑	0	NA	NA
3660	粒	1	米	立
3661	粕	1	手	白
3662	粗	0	NA	NA
3663	粘	1	米	占
3664	粟	1	米	角
3665	粤	0	NA	NA
3666	粥	0	NA	NA
3667	粧	1	衣	壯
3668	粪	0	NA	NA
3669	粮	1	米	量
3670	粱	0	NA	NA
3671	粲	1	火	粲
3672	粳	0	NA	NA
3673	粹	1	米	卒
3674	粼	1	巜	粦
3675	粽	1	米	宗
3676	精	0	NA	NA
3677	粿	0	NA	NA
3678	糅	1	釆	由
3679	糊	1	米	胡
3680	糍	0	NA	NA
3681	糕	1	米	羔
3682	糖	1	米	唐
3683	糗	0	NA	NA
3684	糙	1	米	造
3685	糜	1	米	麻
3686	糟	1	米	曹
3687	糠	1	米	康
3688	糬	0	NA	NA
3689	糯	0	NA	NA
3690	糸	0	NA	NA
3691	系	0	NA	NA
3692	紊	1	糸	文
3693	素	0	NA	NA
3694	索	0	NA	NA
3695	紧	0	NA	NA
3696	紫	1	糸	此
3697	累	0	NA	NA
3698	絃	0	NA	NA
3699	経	0	NA	NA
3700	絮	1	糸	如
3701	絵	0	NA	NA
3702	継	0	NA	NA
3703	続	0	NA	NA
3704	綦	1	糸	其
3705	総	0	NA	NA
3706	緑	0	NA	NA
3707	縁	0	NA	NA
3708	縄	0	NA	NA
3709	繁	1	糸	每
3710	繇	0	NA	NA
3711	繋	0	NA	NA
3712	纂	1	車	專
3713	纠	0	NA	NA
3714	红	1	糸	工
3715	纣	0	NA	NA
3716	纤	1	糸	韱
3717	约	1	糸	勺
3718	级	1	糸	及
3719	纨	0	NA	NA
3720	纪	1	糸	己
3721	纫	0	NA	NA
3722	纬	0	NA	NA
3723	纭	1	糸	云
3724	纯	0	NA	NA
3725	纰	0	NA	NA
3726	纱	0	NA	NA
3727	纲	1	糸	岡
3728	纳	1	糸	內
3729	纵	1	糸	從
3730	纶	0	NA	NA
3731	纷	1	糸	分
3732	纸	1	糸	氏
3733	纹	1	糸	文
3734	纺	1	糸	方
3735	纽	1	糸	丑
3736	纾	1	糸	予
3737	线	0	NA	NA
3738	绀	0	NA	NA
3739	练	1	糸	柬
3740	组	1	糸	且
3741	绅	1	糸	申
3742	细	1	糸	囟
3743	织	1	糸	𢦏
3744	终	1	糸	冬
3745	绊	0	NA	NA
3746	绍	1	糸	召
3747	绎	1	糸	睪
3748	经	0	NA	NA
3749	绑	1	糸	邦
3750	绒	1	糸	戎
3751	结	1	糸	吉
3752	绔	0	NA	NA
3753	绕	1	糸	堯
3754	绘	1	糸	會
3755	给	1	糸	合
3756	绚	1	糸	旬
3757	绛	0	NA	NA
3758	络	1	糸	各
3759	绝	0	NA	NA
3760	绞	1	糸	交
3761	统	1	糸	充
3762	绡	0	NA	NA
3763	绢	1	糸	肙
3764	绣	0	NA	NA
3765	绥	0	NA	NA
3766	绦	0	NA	NA
3767	继	0	NA	NA
3768	绩	1	糸	責
3769	绪	1	糸	者
3770	绫	1	糸	夌
3771	续	0	NA	NA
3772	绮	1	糸	奇
3773	绯	0	NA	NA
3774	绰	0	NA	NA
3775	绳	0	NA	NA
3776	维	1	糸	隹
3777	绵	0	NA	NA
3778	绶	0	NA	NA
3779	绷	0	NA	NA
3780	绸	1	糸	周
3781	绻	0	NA	NA
3782	综	1	糸	宗
3783	绽	1	糸	定
3784	绾	1	𤔔	官
3785	绿	1	糸	彔
3786	缀	0	NA	NA
3787	缄	0	NA	NA
3788	缅	1	糸	面
3789	缆	1	糸	覽
3790	缇	0	NA	NA
3791	缈	1	糸	眇
3792	缉	1	糸	咠
3793	缎	1	糸	段
3794	缓	1	糸	爰
3795	缔	1	糸	帝
3796	缕	1	糸	婁
3797	编	1	糸	扁
3798	缘	1	糸	彖
3799	缙	0	NA	NA
3800	缚	1	糸	專
3801	缜	0	NA	NA
3802	缝	1	糸	逢
3803	缠	1	糸	廛
3804	缢	0	NA	NA
3805	缤	1	糸	賓
3806	缥	1	糸	票
3807	缨	0	NA	NA
3808	缩	1	糸	宿
3809	缪	0	NA	NA
3810	缭	1	糸	尞
3811	缮	0	NA	NA
3812	缰	0	NA	NA
3813	缱	0	NA	NA
3814	缴	0	NA	NA
3815	缸	1	缶	工
3816	缺	1	缶	夬
3817	罂	0	NA	NA
3818	罄	0	NA	NA
3819	罐	0	NA	NA
3820	网	0	NA	NA
3821	罔	1	网	亡
3822	罕	1	网	干
3823	罗	0	NA	NA
3824	罚	0	NA	NA
3825	罡	1	水	工
3826	罢	0	NA	NA
3827	罩	1	网	卓
3828	罪	1	网	非
3829	置	1	𦥑	直
3830	署	0	NA	NA
3831	罹	0	NA	NA
3832	羁	0	NA	NA
3833	羊	0	NA	NA
3834	羌	0	NA	NA
3835	美	0	NA	NA
3836	羔	0	NA	NA
3837	羚	0	NA	NA
3838	羞	1	羊	丑
3839	羟	0	NA	NA
3840	羡	0	NA	NA
3841	羣	0	NA	NA
3842	群	1	羊	君
3843	羧	0	NA	NA
3844	羯	1	糸	吉
3845	羲	0	NA	NA
3846	羸	0	NA	NA
3847	羹	0	NA	NA
3848	羽	1	于	于
3849	羿	0	NA	NA
3850	翁	1	羽	公
3851	翅	1	羽	支
3852	翊	1	立	翌
3853	翌	1	日	翼
3854	翎	0	NA	NA
3855	翔	1	羽	羊
3856	翘	1	羽	堯
3857	翟	0	NA	NA
3858	翠	1	羽	卒
3859	翡	1	羽	非
3860	翦	1	戈	前
3861	翩	1	羽	扁
3862	翰	1	隹	倝
3863	翱	1	羽	皐
3864	翳	0	NA	NA
3865	翻	1	羽	番
3866	翼	1	飛	異
3867	耀	1	光	翟
3868	老	0	NA	NA
3869	考	1	老	丂
3870	耄	0	NA	NA
3871	者	0	NA	NA
3872	耆	1	老	旨
3873	耋	0	NA	NA
3874	而	0	NA	NA
3875	耍	0	NA	NA
3876	耐	0	NA	NA
3877	耒	0	NA	NA
3878	耕	1	耒	井
3879	耗	1	耒	毛
3880	耘	1	耒	云
3881	耙	1	手	巴
3882	耦	0	NA	NA
3883	耨	0	NA	NA
3884	耳	0	NA	NA
3885	耶	0	NA	NA
3886	耷	0	NA	NA
3887	耸	0	NA	NA
3888	耻	0	NA	NA
3889	耽	1	耳	冘
3890	耿	0	NA	NA
3891	聂	0	NA	NA
3892	聆	0	NA	NA
3893	聊	1	耳	卯
3894	聋	1	耳	龍
3895	职	1	耳	戠
3896	聒	0	NA	NA
3897	联	0	NA	NA
3898	聘	1	耳	甹
3899	聚	1	乑	取
3900	聪	0	NA	NA
3901	聴	0	NA	NA
3902	聿	0	NA	NA
3903	肃	0	NA	NA
3904	肄	0	NA	NA
3905	肆	0	NA	NA
3906	肇	1	◎	聿
3907	肉	0	NA	NA
3908	肋	1	革	力
3909	肌	1	肉	几
3910	肏	1	金	少
3911	肓	0	NA	NA
3912	肖	0	NA	NA
3913	肘	0	NA	NA
3914	肚	1	肉	土
3915	肛	1	水	工
3916	肝	1	肉	干
3917	肠	1	肉	昜
3918	股	1	肉	殳
3919	肢	0	NA	NA
3920	肤	0	NA	NA
3921	肥	0	NA	NA
3922	肩	0	NA	NA
3923	肪	1	肉	方
3924	肮	1	骨	亢
3925	肯	0	NA	NA
3926	肱	0	NA	NA
3927	育	1	𠫓	肉
3928	肴	1	肉	爻
3929	肺	1	肉	巿
3930	肽	0	NA	NA
3931	肾	1	肉	臤
3932	肿	1	肉	重
3933	胀	1	肉	長
3934	胁	1	肉	劦
3935	胃	0	NA	NA
3936	胄	0	NA	NA
3937	胆	0	NA	NA
3938	背	0	NA	NA
3939	胍	0	NA	NA
3940	胎	1	肉	台
3941	胖	0	NA	NA
3942	胚	0	NA	NA
3943	胛	0	NA	NA
3944	胜	1	肉	生
3945	胝	0	NA	NA
3946	胞	0	NA	NA
3947	胡	1	肉	古
3948	胤	0	NA	NA
3949	胥	0	NA	NA
3950	胧	1	月	龍
3951	胫	0	NA	NA
3952	胭	1	肉	因
3953	胯	0	NA	NA
3954	胰	0	NA	NA
3955	胱	1	火	光
3956	胳	1	肉	各
3957	胴	1	力	重
3958	胶	0	NA	NA
3959	胸	1	月	匈
3960	胺	1	肉	安
3961	能	0	NA	NA
3962	脂	1	肉	旨
3963	脆	0	NA	NA
3964	脇	0	NA	NA
3965	脉	0	NA	NA
3966	脊	1	肉	朿
3967	脍	0	NA	NA
3968	脏	0	NA	NA
3969	脐	0	NA	NA
3970	脑	0	NA	NA
3971	脓	0	NA	NA
3972	脖	1	肉	孛
3973	脘	0	NA	NA
3974	脚	0	NA	NA
3975	脣	1	肉	辰
3976	脩	1	肉	攸
3977	脯	1	肉	甫
3978	脱	1	肉	兌
3979	脲	0	NA	NA
3980	脳	0	NA	NA
3981	脸	1	月	僉
3982	脾	1	肉	卑
3983	腆	0	NA	NA
3984	腈	0	NA	NA
3985	腊	1	肉	昔
3986	腋	1	肉	夜
3987	腌	0	NA	NA
3988	腐	1	肉	府
3989	腑	0	NA	NA
3990	腓	0	NA	NA
3991	腔	0	NA	NA
3992	腕	1	肉	宛
3993	腥	1	肉	星
3994	腩	0	NA	NA
3995	腭	0	NA	NA
3996	腮	1	肉	思
3997	腰	0	NA	NA
3998	腱	0	NA	NA
3999	腴	0	NA	NA
4000	腹	0	NA	NA
4001	腺	0	NA	NA
4002	腻	1	肉	貳
4003	腼	0	NA	NA
4004	腾	1	馬	朕
4005	腿	1	月	退
4006	膀	1	肉	旁
4007	膈	0	NA	NA
4008	膊	1	肉	尃
4009	膏	1	肉	高
4010	膑	0	NA	NA
4011	膘	0	NA	NA
4012	膛	1	肉	堂
4013	膜	1	肉	莫
4014	膝	1	月	桼
4015	膦	0	NA	NA
4016	膨	1	肉	彭
4017	膳	1	肉	善
4018	膺	1	肉	𨿳
4019	膻	1	人	旦
4020	臀	1	尸	隼
4021	臂	1	肉	辟
4022	臃	1	糸	隹
4023	臆	1	肉	意
4024	臊	1	艸	穌
4025	臓	0	NA	NA
4026	臣	0	NA	NA
4027	臧	1	戈	爿
4028	自	0	NA	NA
4029	臬	0	NA	NA
4030	臭	0	NA	NA
4031	至	0	NA	NA
4032	致	0	NA	NA
4033	臻	1	至	秦
4034	臼	0	NA	NA
4035	臾	0	NA	NA
4036	舀	0	NA	NA
4037	舂	0	NA	NA
4038	舅	1	男	臼
4039	舆	1	車	舁
4040	舌	0	NA	NA
4041	舍	0	NA	NA
4042	舎	0	NA	NA
4043	舐	1	舌	氏
4044	舒	0	NA	NA
4045	舔	0	NA	NA
4046	舗	0	NA	NA
4047	舛	0	NA	NA
4048	舜	1	土	允
4049	舞	0	NA	NA
4050	舟	0	NA	NA
4051	航	0	NA	NA
4052	舫	1	攴	方
4053	般	0	NA	NA
4054	舰	1	舟	監
4055	舱	1	舟	倉
4056	舵	0	NA	NA
4057	舶	1	舟	白
4058	舷	0	NA	NA
4059	舸	0	NA	NA
4060	船	1	舟	㕣
4061	舺	0	NA	NA
4062	艇	1	舟	廷
4063	艋	1	犬	孟
4064	艘	1	舟	叟
4065	艮	0	NA	NA
4066	良	0	NA	NA
4067	艰	0	NA	NA
4068	色	0	NA	NA
4069	艳	0	NA	NA
4070	艹	0	NA	NA
4071	艺	0	NA	NA
4072	艾	1	艸	乂
4073	节	1	竹	即
4074	芃	1	艸	逢
4075	芈	0	NA	NA
4076	芊	1	一	人
4077	芋	1	于	吁
4078	芍	1	木	卓
4079	芎	0	NA	NA
4080	芒	1	艸	亡
4081	芙	1	艸	夫
4082	芜	0	NA	NA
4083	芝	1	艸	之
4084	芡	0	NA	NA
4085	芥	0	NA	NA
4086	芦	0	NA	NA
4087	芩	0	NA	NA
4088	芪	0	NA	NA
4089	芫	1	喦	敢
4090	芬	1	艸	分
4091	芭	1	艸	巴
4092	芮	0	NA	NA
4093	芯	0	NA	NA
4094	花	0	NA	NA
4095	芳	1	艸	方
4096	芷	0	NA	NA
4097	芸	0	NA	NA
4098	芹	1	力	堇
4099	芽	1	艸	牙
4100	芾	0	NA	NA
4101	苁	0	NA	NA
4102	苄	0	NA	NA
4103	苇	1	艸	韋
4104	苋	1	艸	見
4105	苍	1	艸	倉
4106	苏	1	艸	穌
4107	苑	1	艸	夗
4108	苒	1	水	杂
4109	苓	1	艸	令
4110	苔	1	艸	台
4111	苕	0	NA	NA
4112	苗	0	NA	NA
4113	苛	1	艸	可
4114	苜	0	NA	NA
4115	苞	1	艸	包
4116	苟	0	NA	NA
4117	苡	0	NA	NA
4118	苣	0	NA	NA
4119	若	0	NA	NA
4120	苦	1	艸	古
4121	苫	0	NA	NA
4122	苯	1	艸	本
4123	英	1	艸	央
4124	苷	0	NA	NA
4125	苹	1	艸	頻
4126	苻	0	NA	NA
4127	茁	0	NA	NA
4128	茂	1	艸	戊
4129	范	1	艸	氾
4130	茄	1	艸	加
4131	茅	1	艸	矛
4132	茉	1	艸	末
4133	茎	1	艸	巠
4134	茏	0	NA	NA
4135	茗	0	NA	NA
4136	茜	1	艸	西
4137	茧	0	NA	NA
4138	茨	0	NA	NA
4139	茫	1	水	芒
4140	茬	1	艸	在
4141	茭	0	NA	NA
4142	茯	0	NA	NA
4143	茱	0	NA	NA
4144	茴	0	NA	NA
4145	茵	0	NA	NA
4146	茶	0	NA	NA
4147	茸	0	NA	NA
4148	茹	0	NA	NA
4149	茼	0	NA	NA
4150	荀	1	言	旬
4151	荃	0	NA	NA
4152	荆	0	NA	NA
4153	草	1	艸	早
4154	荏	1	阜	侌
4155	荐	1	艸	存
4156	荒	1	艸	巟
4157	荔	1	人	列
4158	荘	0	NA	NA
4159	荚	0	NA	NA
4160	荞	0	NA	NA
4161	荟	0	NA	NA
4162	荠	0	NA	NA
4163	荡	0	NA	NA
4164	荣	1	木	𤇾
4165	荤	0	NA	NA
4166	荥	0	NA	NA
4167	荧	0	NA	NA
4168	荨	0	NA	NA
4169	荪	0	NA	NA
4170	荫	1	艸	陰
4171	药	0	NA	NA
4172	荷	1	艸	何
4173	荸	1	弓	癹
4174	荻	1	攴	啻
4175	荼	1	艸	余
4176	荽	0	NA	NA
4177	莅	0	NA	NA
4178	莆	1	艸	甫
4179	莉	1	艸	利
4180	莎	1	艸	沙
4181	莒	1	手	與
4182	莓	1	火	某
4183	莘	0	NA	NA
4184	莞	1	艸	完
4185	莠	0	NA	NA
4186	莪	1	人	我
4187	莫	0	NA	NA
4188	莱	1	艸	來
4189	莲	1	艸	連
4190	莴	0	NA	NA
4191	获	0	NA	NA
4192	莹	0	NA	NA
4193	莺	0	NA	NA
4194	莽	0	NA	NA
4195	莿	0	NA	NA
4196	菀	1	𨸏	完
4197	菁	1	水	青
4198	菅	0	NA	NA
4199	菇	1	艸	姑
4200	菊	1	艸	匊
4201	菌	1	艸	囷
4202	菏	1	言	可
4203	菓	0	NA	NA
4204	菖	1	肉	爿
4205	菘	0	NA	NA
4206	菜	1	艸	采
4207	菟	0	NA	NA
4208	菠	1	艸	波
4209	菡	0	NA	NA
4210	菩	1	艸	咅
4211	菱	0	NA	NA
4212	菲	1	艸	非
4213	菸	1	火	垔
4214	菽	1	廿	叔
4215	萁	1	木	幾
4216	萃	1	艸	卒
4217	萄	1	艸	匋
4218	萋	0	NA	NA
4219	萌	1	艸	明
4220	萍	0	NA	NA
4221	萎	1	艸	委
4222	萘	0	NA	NA
4223	萝	1	艸	羅
4224	萤	0	NA	NA
4225	营	0	NA	NA
4226	萦	0	NA	NA
4227	萧	1	艸	肅
4228	萨	0	NA	NA
4229	萩	0	NA	NA
4230	萱	0	NA	NA
4231	萸	0	NA	NA
4232	萼	0	NA	NA
4233	落	1	艸	洛
4234	葆	0	NA	NA
4235	著	1	艸	者
4236	葚	0	NA	NA
4237	葛	1	艸	曷
4238	葡	1	艸	匍
4239	董	1	艸	重
4240	葩	0	NA	NA
4241	葫	1	艸	胡
4242	葬	0	NA	NA
4243	葭	0	NA	NA
4244	葱	0	NA	NA
4245	葳	0	NA	NA
4246	葵	0	NA	NA
4247	葺	1	車	咠
4248	蒂	1	艸	帝
4249	蒋	1	艸	將
4250	蒐	0	NA	NA
4251	蒙	1	艸	冡
4252	蒜	0	NA	NA
4253	蒟	1	手	與
4254	蒡	1	肉	旁
4255	蒨	1	糸	戔
4256	蒲	1	艸	浦
4257	蒸	0	NA	NA
4258	蒹	0	NA	NA
4259	蒻	0	NA	NA
4260	蒿	1	艸	高
4261	蓁	0	NA	NA
4262	蓄	1	艸	畜
4263	蓆	1	目	直
4264	蓉	1	艸	容
4265	蓑	0	NA	NA
4266	蓓	1	土	咅
4267	蓖	0	NA	NA
4268	蓝	1	艸	監
4269	蓟	0	NA	NA
4270	蓦	0	NA	NA
4271	蓬	1	艸	逢
4272	蓼	1	艸	翏
4273	蓿	1	糸	宿
4274	蔑	0	NA	NA
4275	蔓	0	NA	NA
4276	蔗	1	艸	庶
4277	蔘	0	NA	NA
4278	蔚	1	艸	尉
4279	蔡	0	NA	NA
4280	蔫	1	火	垔
4281	蔬	1	艸	疏
4282	蔵	0	NA	NA
4283	蔷	0	NA	NA
4284	蔺	0	NA	NA
4285	蔻	0	NA	NA
4286	蔼	1	言	葛
4287	蔽	0	NA	NA
4288	蕃	0	NA	NA
4289	蕈	0	NA	NA
4290	蕉	1	艸	焦
4291	蕊	0	NA	NA
4292	蕙	0	NA	NA
4293	蕤	0	NA	NA
4294	蕨	0	NA	NA
4295	蕲	0	NA	NA
4296	蕴	0	NA	NA
4297	蕻	1	糸	工
4298	蕾	1	艸	雷
4299	薄	1	艸	溥
4300	薅	0	NA	NA
4301	薇	1	艸	微
4302	薏	0	NA	NA
4303	薛	0	NA	NA
4304	薨	0	NA	NA
4305	薪	0	NA	NA
4306	薬	0	NA	NA
4307	薯	1	艸	署
4308	薰	1	艸	熏
4309	薹	0	NA	NA
4310	藉	1	艸	耤
4311	藏	0	NA	NA
4312	藐	1	艸	貌
4313	藓	1	艸	鮮
4314	藕	1	艸	耦
4315	藜	0	NA	NA
4316	藤	1	艸	滕
4317	藩	1	艸	潘
4318	藻	1	艸	巢
4319	藿	0	NA	NA
4320	蘑	0	NA	NA
4321	蘸	1	艸	蕉
4322	蘼	0	NA	NA
4323	虎	0	NA	NA
4324	虏	0	NA	NA
4325	虐	0	NA	NA
4326	虑	0	NA	NA
4327	虔	1	虍	文
4328	虚	1	丘	虍
4329	虞	1	虍	吳
4330	虢	0	NA	NA
4331	虫	0	NA	NA
4332	虬	0	NA	NA
4333	虱	1	手	乙
4334	虹	1	虫	工
4335	虻	0	NA	NA
4336	虽	1	虫	唯
4337	虾	1	虫	叚
4338	蚀	0	NA	NA
4339	蚁	1	虫	義
4340	蚂	1	虫	馬
4341	蚊	1	虫	文
4342	蚌	0	NA	NA
4343	蚓	0	NA	NA
4344	蚕	1	䖵	朁
4345	蚜	0	NA	NA
4346	蚝	0	NA	NA
4347	蚣	0	NA	NA
4348	蚤	0	NA	NA
4349	蚩	1	䖵	寺
4350	蚪	0	NA	NA
4351	蚯	1	人	憂
4352	蚱	1	火	乍
4353	蚵	0	NA	NA
4354	蛀	0	NA	NA
4355	蛆	0	NA	NA
4356	蛇	0	NA	NA
4357	蛊	0	NA	NA
4358	蛋	0	NA	NA
4359	蛎	0	NA	NA
4360	蛐	0	NA	NA
4361	蛔	0	NA	NA
4362	蛙	1	黽	圭
4363	蛛	1	黽	朱
4364	蛟	0	NA	NA
4365	蛤	0	NA	NA
4366	蛭	0	NA	NA
4367	蛮	0	NA	NA
4368	蛰	0	NA	NA
4369	蛳	0	NA	NA
4370	蛹	1	手	雝
4371	蛾	1	虫	我
4372	蜀	0	NA	NA
4373	蜂	1	虫	夆
4374	蜃	0	NA	NA
4375	蜇	1	竹	即
4376	蜈	0	NA	NA
4377	蜊	1	隹	离
4378	蜍	1	𨸏	余
4379	蜒	1	虫	延
4380	蜓	1	虫	廷
4381	蜕	0	NA	NA
4382	蜗	1	虫	咼
4383	蜘	1	黽	知
4384	蜚	0	NA	NA
4385	蜜	1	虫	宓
4386	蜡	1	虫	巤
4387	蜢	1	犬	孟
4388	蜥	1	工	弋
4389	蜱	0	NA	NA
4390	蜴	0	NA	NA
4391	蜷	1	虫	卷
4392	蜻	1	虫	青
4393	蜿	1	虫	宛
4394	蝇	0	NA	NA
4395	蝈	0	NA	NA
4396	蝉	1	虫	單
4397	蝌	0	NA	NA
4398	蝎	1	欠	曷
4399	蝗	0	NA	NA
4400	蝙	0	NA	NA
4401	蝠	1	虫	畐
4402	蝴	1	虫	胡
4403	蝶	1	虫	枼
4404	蝼	0	NA	NA
4405	螂	1	虫	郎
4406	螃	1	肉	旁
4407	融	0	NA	NA
4408	螨	0	NA	NA
4409	螯	1	火	敖
4410	螳	1	虫	堂
4411	螺	0	NA	NA
4412	蟀	0	NA	NA
4413	蟆	1	女	馬
4414	蟋	1	工	弋
4415	蟑	1	肉	爿
4416	蟒	0	NA	NA
4417	蟠	1	糸	每
4418	蟹	1	虫	解
4419	蟾	0	NA	NA
4420	蠕	0	NA	NA
4421	蠛	1	水	烕
4422	蠡	0	NA	NA
4423	蠢	1	䖵	春
4424	蠹	0	NA	NA
4425	血	0	NA	NA
4426	衄	0	NA	NA
4427	衅	0	NA	NA
4428	行	0	NA	NA
4429	衍	0	NA	NA
4430	衔	0	NA	NA
4431	街	1	行	圭
4432	衙	0	NA	NA
4433	衞	0	NA	NA
4434	衡	0	NA	NA
4435	衢	0	NA	NA
4436	衣	0	NA	NA
4437	补	1	衣	甫
4438	表	0	NA	NA
4439	衩	0	NA	NA
4440	衫	1	衣	彡
4441	衬	1	衣	親
4442	衮	0	NA	NA
4443	衰	0	NA	NA
4444	衲	0	NA	NA
4445	衷	1	衣	中
4446	衹	0	NA	NA
4447	衾	0	NA	NA
4448	衿	0	NA	NA
4449	袁	0	NA	NA
4450	袂	1	衣	夬
4451	袄	0	NA	NA
4452	袅	1	衣	鳥
4453	袈	0	NA	NA
4454	袋	1	衣	代
4455	袍	1	衣	包
4456	袒	1	衣	旦
4457	袖	0	NA	NA
4458	袜	0	NA	NA
4459	袤	0	NA	NA
4460	袪	0	NA	NA
4461	被	0	NA	NA
4462	袭	1	衣	龖
4463	袱	1	衣	伏
4464	裁	1	衣	𢦒
4465	裂	1	衣	列
4466	装	1	衣	壯
4467	裆	0	NA	NA
4468	裔	1	衣	㕯
4469	裕	1	衣	谷
4470	裘	0	NA	NA
4471	裙	1	巾	君
4472	裟	0	NA	NA
4473	裤	1	衣	庫
4474	裨	1	衣	卑
4475	裱	0	NA	NA
4476	裳	0	NA	NA
4477	裴	0	NA	NA
4478	裸	0	NA	NA
4479	裹	1	衣	果
4480	裾	0	NA	NA
4481	褂	1	衣	卦
4482	褐	1	衣	曷
4483	褒	0	NA	NA
4484	褓	0	NA	NA
4485	褔	0	NA	NA
4486	褚	1	衣	者
4487	褥	1	衣	辱
4488	褪	1	衣	退
4489	褫	1	衣	虒
4490	褶	1	土	執
4491	襁	0	NA	NA
4492	襄	0	NA	NA
4493	襟	1	衣	禁
4494	襬	0	NA	NA
4495	西	0	NA	NA
4496	要	0	NA	NA
4497	覃	0	NA	NA
4498	覆	1	襾	復
4499	覚	0	NA	NA
4500	覧	0	NA	NA
4501	観	0	NA	NA
4502	见	0	NA	NA
4503	观	0	NA	NA
4504	规	0	NA	NA
4505	觅	0	NA	NA
4506	视	1	目	氏
4507	览	0	NA	NA
4508	觉	0	NA	NA
4509	觊	0	NA	NA
4510	觎	0	NA	NA
4511	觐	1	見	堇
4512	觑	1	見	虛
4513	角	0	NA	NA
4514	觞	1	爵	昜
4515	解	0	NA	NA
4516	觥	0	NA	NA
4517	触	1	角	蜀
4518	言	0	NA	NA
4519	訳	0	NA	NA
4520	詹	0	NA	NA
4521	誉	0	NA	NA
4522	誓	1	言	折
4523	説	0	NA	NA
4524	読	0	NA	NA
4525	警	0	NA	NA
4526	譬	1	言	辟
4527	譲	0	NA	NA
4528	计	0	NA	NA
4529	订	1	言	丁
4530	认	1	言	忍
4531	讥	1	言	幾
4532	讧	0	NA	NA
4533	讨	0	NA	NA
4534	让	1	言	襄
4535	讪	0	NA	NA
4536	讫	0	NA	NA
4537	训	1	言	川
4538	议	1	言	義
4539	讯	1	口	允
4540	记	1	言	己
4541	讲	1	言	冓
4542	讳	1	言	韋
4543	讴	0	NA	NA
4544	讶	0	NA	NA
4545	讷	0	NA	NA
4546	许	1	言	午
4547	讹	1	言	化
4548	论	0	NA	NA
4549	讼	0	NA	NA
4550	讽	1	言	風
4551	设	0	NA	NA
4552	访	1	言	方
4553	诀	1	言	夬
4554	证	1	言	登
4555	诃	1	言	可
4556	评	1	言	平
4557	诅	0	NA	NA
4558	识	1	言	戠
4559	诈	0	NA	NA
4560	诉	0	NA	NA
4561	诊	1	言	㐱
4562	诋	0	NA	NA
4563	词	1	言	司
4564	诏	1	言	召
4565	译	1	言	睪
4566	试	1	言	式
4567	诗	1	言	寺
4568	诘	0	NA	NA
4569	诙	0	NA	NA
4570	诚	0	NA	NA
4571	诛	0	NA	NA
4572	话	1	言	𠯑
4573	诞	0	NA	NA
4574	诟	0	NA	NA
4575	诠	1	言	全
4576	诡	1	言	危
4577	询	1	言	旬
4578	诣	0	NA	NA
4579	诤	1	言	爭
4580	该	1	言	亥
4581	详	1	言	羊
4582	诧	0	NA	NA
4583	诩	0	NA	NA
4584	诫	1	言	戒
4585	诬	1	言	巫
4586	语	1	言	吾
4587	误	0	NA	NA
4588	诰	0	NA	NA
4589	诱	1	言	秀
4590	诲	1	言	每
4591	说	0	NA	NA
4592	诵	1	言	甬
4593	诶	0	NA	NA
4594	请	0	NA	NA
4595	诸	0	NA	NA
4596	诺	0	NA	NA
4597	读	1	言	）
4598	诽	0	NA	NA
4599	课	1	言	果
4600	诿	0	NA	NA
4601	谀	0	NA	NA
4602	谁	1	言	隹
4603	调	1	言	周
4604	谄	0	NA	NA
4605	谅	1	言	京
4606	谆	0	NA	NA
4607	谈	1	言	炎
4608	谊	1	言	宜
4609	谋	1	言	某
4610	谌	1	言	甚
4611	谍	1	言	枼
4612	谎	1	言	巟
4613	谏	1	言	柬
4614	谐	1	言	皆
4615	谑	0	NA	NA
4616	谒	0	NA	NA
4617	谓	0	NA	NA
4618	谔	0	NA	NA
4619	谕	1	言	俞
4620	谗	1	言	毚
4621	谘	1	言	咨
4622	谙	0	NA	NA
4623	谚	1	言	彥
4624	谛	1	言	帝
4625	谜	0	NA	NA
4626	谟	1	言	莫
4627	谢	1	言	射
4628	谣	1	言	䍃
4629	谤	1	言	旁
4630	谥	0	NA	NA
4631	谦	1	言	兼
4632	谧	1	言	𥁑
4633	谨	0	NA	NA
4634	谩	0	NA	NA
4635	谪	0	NA	NA
4636	谬	1	言	翏
4637	谭	1	言	覃
4638	谯	0	NA	NA
4639	谱	1	言	普
4640	谲	0	NA	NA
4641	谴	1	言	遣
4642	谶	0	NA	NA
4643	谷	0	NA	NA
4644	豁	1	谷	害
4645	豆	0	NA	NA
4646	豇	1	水	工
4647	豉	0	NA	NA
4648	豊	0	NA	NA
4649	豌	0	NA	NA
4650	豔	1	豐	盍
4651	豚	0	NA	NA
4652	象	0	NA	NA
4653	豢	1	心	串
4654	豪	0	NA	NA
4655	豫	1	象	予
4656	豹	1	豸	勺
4657	豺	1	木	此
4658	貂	0	NA	NA
4659	貅	1	人	憂
4660	貌	0	NA	NA
4661	貔	0	NA	NA
4662	貘	1	一	白
4663	贝	0	NA	NA
4664	贞	0	NA	NA
4665	负	0	NA	NA
4666	贡	1	貝	工
4667	财	1	貝	才
4668	责	1	貝	朿
4669	贤	0	NA	NA
4670	败	0	NA	NA
4671	账	1	貝	長
4672	货	1	貝	化
4673	质	0	NA	NA
4674	贩	1	貝	反
4675	贪	0	NA	NA
4676	贫	0	NA	NA
4677	贬	1	貝	乏
4678	购	1	貝	冓
4679	贮	0	NA	NA
4680	贯	0	NA	NA
4681	贰	1	貝	弍
4682	贱	1	貝	戔
4683	贲	0	NA	NA
4684	贴	1	貝	占
4685	贵	0	NA	NA
4686	贷	1	貝	代
4687	贸	1	貝	卯
4688	费	1	貝	弗
4689	贺	0	NA	NA
4690	贻	0	NA	NA
4691	贼	0	NA	NA
4692	贾	0	NA	NA
4693	贿	1	貝	有
4694	赁	1	貝	任
4695	赂	1	貝	各
4696	赃	0	NA	NA
4697	资	1	貝	次
4698	赅	0	NA	NA
4699	赈	0	NA	NA
4700	赊	0	NA	NA
4701	赋	0	NA	NA
4702	赌	1	貝	者
4703	赎	1	貝	𧷏
4704	赏	1	貝	商
4705	赐	1	貝	易
4706	赓	0	NA	NA
4707	赔	1	貝	咅
4708	赖	1	貝	剌
4709	赘	0	NA	NA
4710	赚	1	貝	兼
4711	赛	0	NA	NA
4712	赝	0	NA	NA
4713	赞	0	NA	NA
4714	赠	1	貝	曾
4715	赡	1	貝	詹
4716	赢	1	貝	𣎆
4717	赣	0	NA	NA
4718	赤	0	NA	NA
4719	赦	0	NA	NA
4720	赧	0	NA	NA
4721	赫	0	NA	NA
4722	赭	0	NA	NA
4723	走	0	NA	NA
4724	赳	0	NA	NA
4725	赴	0	NA	NA
4726	赵	0	NA	NA
4727	赶	1	走	旱
4728	起	1	走	巳
4729	趁	1	走	㐱
4730	超	1	走	召
4731	越	1	走	戉
4732	趋	1	走	芻
4733	趟	1	走	尚
4734	趣	1	走	取
4735	足	0	NA	NA
4736	趴	1	足	八
4737	趵	1	火	包
4738	趸	0	NA	NA
4739	趺	0	NA	NA
4740	趾	0	NA	NA
4741	跃	1	足	翟
4742	跄	0	NA	NA
4743	跆	0	NA	NA
4744	跋	1	足	犮
4745	跌	1	足	失
4746	跎	1	水	它
4747	跑	1	足	包
4748	跖	0	NA	NA
4749	跚	0	NA	NA
4750	跛	0	NA	NA
4751	距	1	足	巨
4752	跟	1	足	艮
4753	跤	0	NA	NA
4754	跨	1	足	夸
4755	跩	1	水	世
4756	跪	1	足	危
4757	路	0	NA	NA
4758	跳	1	足	兆
4759	践	1	足	戔
4760	跷	0	NA	NA
4761	跹	0	NA	NA
4762	跺	0	NA	NA
4763	跻	0	NA	NA
4764	踉	0	NA	NA
4765	踊	1	◎	甬
4766	踌	1	足	壽
4767	踏	1	足	沓
4768	踝	0	NA	NA
4769	踞	1	足	居
4770	踟	1	足	知
4771	踢	1	足	易
4772	踩	1	足	采
4773	踪	1	足	從
4774	踮	1	黑	占
4775	踱	1	足	度
4776	踵	1	足	重
4777	踹	1	足	采
4778	蹂	1	足	柔
4779	蹄	1	足	帝
4780	蹇	0	NA	NA
4781	蹈	1	足	舀
4782	蹉	0	NA	NA
4783	蹊	0	NA	NA
4784	蹋	1	足	沓
4785	蹑	0	NA	NA
4786	蹒	0	NA	NA
4787	蹙	1	攴	婁
4788	蹦	1	足	崩
4789	蹩	1	足	敝
4790	蹬	1	火	登
4791	蹭	0	NA	NA
4792	蹲	1	足	尊
4793	蹴	1	攴	婁
4794	蹶	0	NA	NA
4795	蹼	0	NA	NA
4796	蹿	0	NA	NA
4797	躁	1	足	喿
4798	躇	1	足	著
4799	躏	1	足	藺
4800	身	0	NA	NA
4801	躬	0	NA	NA
4802	躯	1	身	區
4803	躲	1	身	朵
4804	躺	1	身	尚
4805	転	0	NA	NA
4806	軽	0	NA	NA
4807	车	0	NA	NA
4808	轧	1	車	乙
4809	轨	1	車	九
4810	轩	1	車	干
4811	转	1	車	專
4812	轭	0	NA	NA
4813	轮	1	車	侖
4814	软	0	NA	NA
4815	轰	0	NA	NA
4816	轲	0	NA	NA
4817	轴	1	車	由
4818	轶	1	車	失
4819	轻	1	車	巠
4820	轼	0	NA	NA
4821	载	1	車	𢦔
4822	轿	1	車	喬
4823	较	1	車	爻
4824	辄	1	車	耴
4825	辅	0	NA	NA
4826	辆	1	車	兩
4827	辇	0	NA	NA
4828	辈	1	車	非
4829	辉	1	光	軍
4830	辊	1	車	昆
4831	辍	0	NA	NA
4832	辐	1	車	畐
4833	辑	1	車	咠
4834	输	1	車	俞
4835	辕	0	NA	NA
4836	辖	1	車	害
4837	辗	1	車	展
4838	辘	1	車	鹿
4839	辙	0	NA	NA
4840	辛	0	NA	NA
4841	辜	1	死	古
4842	辞	0	NA	NA
4843	辟	0	NA	NA
4844	辣	0	NA	NA
4845	辨	0	NA	NA
4846	辩	0	NA	NA
4847	辫	1	糸	辡
4848	辰	0	NA	NA
4849	辱	0	NA	NA
4850	边	0	NA	NA
4851	辺	0	NA	NA
4852	込	0	NA	NA
4853	辽	1	辵	尞
4854	达	0	NA	NA
4855	迁	0	NA	NA
4856	迂	1	辵	于
4857	迄	1	辵	气
4858	迅	1	辵	卂
4859	过	1	辵	咼
4860	迈	0	NA	NA
4861	迎	0	NA	NA
4862	运	0	NA	NA
4863	近	0	NA	NA
4864	返	0	NA	NA
4865	还	1	行	睘
4866	这	0	NA	NA
4867	进	0	NA	NA
4868	远	1	彳	袁
4869	违	0	NA	NA
4870	连	0	NA	NA
4871	迟	1	彳	屖
4872	迢	1	辵	召
4873	迤	0	NA	NA
4874	迥	1	辵	冋
4875	迦	1	辵	枷
4876	迩	0	NA	NA
4877	迪	1	辵	由
4878	迫	1	辵	白
4879	迭	1	辵	失
4880	述	0	NA	NA
4881	迷	1	辵	米
4882	迸	1	辵	并
4883	迹	1	辵	朿
4884	迺	0	NA	NA
4885	追	0	NA	NA
4886	退	0	NA	NA
4887	送	1	辵	灷
4888	适	0	NA	NA
4889	逃	1	辵	兆
4890	逅	0	NA	NA
4891	逆	0	NA	NA
4892	选	1	止	巽
4893	逊	1	辵	孫
4894	逍	1	辵	肖
4895	透	1	辵	秀
4896	逐	0	NA	NA
4897	递	0	NA	NA
4898	途	1	辵	余
4899	逗	1	辵	豆
4900	通	1	彳	用
4901	逛	1	辵	狂
4902	逝	1	辵	折
4903	逞	0	NA	NA
4904	速	0	NA	NA
4905	造	0	NA	NA
4906	逢	0	NA	NA
4907	逮	1	辵	隶
4908	逵	0	NA	NA
4909	逶	0	NA	NA
4910	逸	0	NA	NA
4911	逻	1	辵	羅
4912	逼	1	辵	畐
4913	逾	0	NA	NA
4914	遁	1	辵	盾
4915	遂	0	NA	NA
4916	遅	0	NA	NA
4917	遇	1	辵	禺
4918	遍	0	NA	NA
4919	遏	1	辵	曷
4920	遐	0	NA	NA
4921	遑	0	NA	NA
4922	遒	0	NA	NA
4923	道	0	NA	NA
4924	遗	0	NA	NA
4925	遛	0	NA	NA
4926	遢	1	土	荅
4927	遣	0	NA	NA
4928	遥	0	NA	NA
4929	遨	0	NA	NA
4930	遭	1	辵	曹
4931	遮	1	辵	庶
4932	遴	0	NA	NA
4933	遵	1	辵	尊
4934	遽	1	辵	豦
4935	避	1	辵	辟
4936	邀	1	辵	敫
4937	邂	0	NA	NA
4938	邃	1	穴	遂
4939	邈	0	NA	NA
4940	邋	1	辵	巤
4941	邑	0	NA	NA
4942	邓	1	邑	登
4943	邕	0	NA	NA
4944	邛	0	NA	NA
4945	邝	0	NA	NA
4946	邢	0	NA	NA
4947	那	0	NA	NA
4948	邦	0	NA	NA
4949	邨	0	NA	NA
4950	邪	0	NA	NA
4951	邬	0	NA	NA
4952	邮	0	NA	NA
4953	邯	0	NA	NA
4954	邰	1	肉	台
4955	邱	1	邑	丘
4956	邳	0	NA	NA
4957	邵	1	邑	召
4958	邸	0	NA	NA
4959	邹	0	NA	NA
4960	邺	0	NA	NA
4961	邻	1	邑	粦
4962	郁	1	邑	有
4963	郅	0	NA	NA
4964	郊	1	邑	交
4965	郎	1	邑	良
4966	郑	1	邑	奠
4967	郜	1	邑	告
4968	郝	0	NA	NA
4969	郡	1	邑	君
4970	郢	1	呈	𡈼
4971	郤	0	NA	NA
4972	郦	0	NA	NA
4973	郧	0	NA	NA
4974	部	1	邑	咅
4975	郫	0	NA	NA
4976	郭	0	NA	NA
4977	郴	1	晶	三
4978	郷	0	NA	NA
4979	郸	1	邑	單
4980	都	0	NA	NA
4981	鄂	0	NA	NA
4982	鄙	0	NA	NA
4983	鄞	1	金	艮
4984	鄢	1	火	垔
4985	鄱	0	NA	NA
4986	酉	0	NA	NA
4987	酊	0	NA	NA
4988	酋	1	八	酉
4989	酌	0	NA	NA
4990	配	0	NA	NA
4991	酐	0	NA	NA
4992	酒	0	NA	NA
4993	酗	0	NA	NA
4994	酚	1	酉	分
4995	酝	0	NA	NA
4996	酢	0	NA	NA
4997	酣	0	NA	NA
4998	酥	1	艸	穌
4999	酩	0	NA	NA
5000	酪	0	NA	NA
5001	酬	1	酉	𠷎
5002	酮	0	NA	NA
5003	酯	1	酉	旨
5004	酰	1	酉	先
5005	酱	1	酉	爿
5006	酵	1	酉	孝
5007	酶	0	NA	NA
5008	酷	1	酉	告
5009	酸	1	酉	夋
5010	酿	1	酉	襄
5011	醇	1	酉	𦎧
5012	醉	0	NA	NA
5013	醋	1	酉	昔
5014	醍	1	手	是
5015	醐	1	口	禾
5016	醒	1	酉	星
5017	醚	1	辵	米
5018	醛	1	酉	荃
5019	醣	1	冂	尚
5020	醪	0	NA	NA
5021	醮	0	NA	NA
5022	醯	0	NA	NA
5023	醴	0	NA	NA
5024	醺	0	NA	NA
5025	采	0	NA	NA
5026	釉	1	釆	由
5027	释	1	㚔	睪
5028	里	1	田	里
5029	重	0	NA	NA
5030	野	1	林	予
5031	量	0	NA	NA
5032	金	0	NA	NA
5033	釜	1	缶	父
5034	鉄	0	NA	NA
5035	鉴	0	NA	NA
5036	銭	0	NA	NA
5037	銮	1	金	䜌
5038	録	0	NA	NA
5039	鎌	1	广	兼
5040	鎏	0	NA	NA
5041	鎗	1	金	倉
5042	鎚	0	NA	NA
5043	鏖	0	NA	NA
5044	鏽	1	金	肅
5045	鑫	0	NA	NA
5046	针	1	金	十
5047	钉	1	金	丁
5048	钊	0	NA	NA
5049	钎	0	NA	NA
5050	钏	0	NA	NA
5051	钒	0	NA	NA
5052	钓	1	金	勺
5053	钗	0	NA	NA
5054	钙	1	金	丐
5055	钛	0	NA	NA
5056	钜	0	NA	NA
5057	钝	1	金	屯
5058	钞	1	金	少
5059	钟	1	金	重
5060	钠	1	金	內
5061	钡	0	NA	NA
5062	钢	1	金	岡
5063	钣	0	NA	NA
5064	钤	0	NA	NA
5065	钥	1	金	龠
5066	钦	1	欠	金
5067	钧	0	NA	NA
5068	钨	0	NA	NA
5069	钩	0	NA	NA
5070	钮	1	金	丑
5071	钯	0	NA	NA
5072	钰	0	NA	NA
5073	钱	1	金	戔
5074	钳	1	金	甘
5075	钴	0	NA	NA
5076	钵	0	NA	NA
5077	钺	0	NA	NA
5078	钻	1	金	贊
5079	钼	0	NA	NA
5080	钾	1	金	甲
5081	钿	0	NA	NA
5082	铀	1	金	由
5083	铁	1	金	𢧤
5084	铂	0	NA	NA
5085	铃	0	NA	NA
5086	铄	0	NA	NA
5087	铅	1	金	㕣
5088	铆	0	NA	NA
5089	铉	0	NA	NA
5090	铎	1	金	睪
5091	铐	0	NA	NA
5092	铛	0	NA	NA
5093	铜	1	金	同
5094	铝	0	NA	NA
5095	铠	0	NA	NA
5096	铡	0	NA	NA
5097	铢	0	NA	NA
5098	铣	0	NA	NA
5099	铤	0	NA	NA
5100	铨	0	NA	NA
5101	铩	0	NA	NA
5102	铬	0	NA	NA
5103	铭	0	NA	NA
5104	铮	0	NA	NA
5105	铰	0	NA	NA
5106	铲	1	金	產
5107	铵	0	NA	NA
5108	银	1	金	艮
5109	铸	1	𦥑	肘
5110	铺	0	NA	NA
5111	链	1	金	連
5112	铿	0	NA	NA
5113	销	1	金	肖
5114	锁	1	金	𧴪
5115	锂	0	NA	NA
5116	锄	0	NA	NA
5117	锅	1	金	咼
5118	锆	1	金	造
5119	锈	1	金	秀
5120	锉	0	NA	NA
5121	锋	1	金	逢
5122	锌	1	金	辛
5123	锏	0	NA	NA
5124	锐	1	金	兌
5125	锑	0	NA	NA
5126	错	1	金	昔
5127	锚	1	金	苗
5128	锟	0	NA	NA
5129	锡	1	金	易
5130	锢	0	NA	NA
5131	锣	1	金	羅
5132	锤	0	NA	NA
5133	锥	0	NA	NA
5134	锦	1	帛	金
5135	锭	1	金	定
5136	键	0	NA	NA
5137	锯	1	金	居
5138	锰	0	NA	NA
5139	锲	0	NA	NA
5140	锵	0	NA	NA
5141	锹	0	NA	NA
5142	锺	1	金	重
5143	锻	0	NA	NA
5144	镀	1	金	度
5145	镁	1	金	美
5146	镂	0	NA	NA
5147	镇	1	金	炅
5148	镉	0	NA	NA
5149	镌	0	NA	NA
5150	镍	0	NA	NA
5151	镐	0	NA	NA
5152	镑	1	金	旁
5153	镕	1	金	容
5154	镖	0	NA	NA
5155	镗	0	NA	NA
5156	镛	1	金	庸
5157	镜	1	金	竟
5158	镣	0	NA	NA
5159	镭	0	NA	NA
5160	镯	1	金	蜀
5161	镰	0	NA	NA
5162	镳	0	NA	NA
5163	镶	1	金	襄
5164	长	0	NA	NA
5165	閒	0	NA	NA
5166	関	0	NA	NA
5167	閲	0	NA	NA
5168	闘	0	NA	NA
5169	门	0	NA	NA
5170	闪	0	NA	NA
5171	闫	0	NA	NA
5172	闭	0	NA	NA
5173	问	1	門	門
5174	闯	0	NA	NA
5175	闰	0	NA	NA
5176	闲	0	NA	NA
5177	间	0	NA	NA
5178	闵	1	門	文
5179	闷	1	心	門
5180	闸	1	門	甲
5181	闹	0	NA	NA
5182	闺	1	門	圭
5183	闻	1	耳	昏
5184	闽	1	虫	門
5185	闾	0	NA	NA
5186	阀	1	門	伐
5187	阁	1	門	各
5188	阂	0	NA	NA
5189	阅	0	NA	NA
5190	阆	0	NA	NA
5191	阇	0	NA	NA
5192	阈	0	NA	NA
5193	阉	0	NA	NA
5194	阎	0	NA	NA
5195	阐	1	門	單
5196	阑	1	門	柬
5197	阔	1	門	活
5198	阕	0	NA	NA
5199	阖	0	NA	NA
5200	阙	0	NA	NA
5201	阚	0	NA	NA
5202	阜	0	NA	NA
5203	队	1	阜	㒸
5204	阡	1	一	人
5205	阪	0	NA	NA
5206	阮	1	𨸏	完
5207	阱	0	NA	NA
5208	防	1	土	方
5209	阳	0	NA	NA
5210	阴	0	NA	NA
5211	阵	1	阜	東
5212	阶	1	𨸏	皆
5213	阻	1	𨸏	且
5214	阿	1	阜	可
5215	陀	1	阜	它
5216	陂	0	NA	NA
5217	附	0	NA	NA
5218	际	1	𨸏	祭
5219	陆	0	NA	NA
5220	陇	1	𨸏	龍
5221	陈	1	阜	申
5222	陋	0	NA	NA
5223	陌	1	𨸏	百
5224	降	0	NA	NA
5225	限	0	NA	NA
5226	陕	1	𨸏	夾
5227	陛	1	巾	敝
5228	陟	0	NA	NA
5229	陡	1	阜	走
5230	院	1	𨸏	完
5231	除	1	𨸏	余
5232	陨	1	𨸏	員
5233	险	1	阜	僉
5234	陪	1	阜	咅
5235	陲	0	NA	NA
5236	陵	0	NA	NA
5237	陶	0	NA	NA
5238	陷	0	NA	NA
5239	険	0	NA	NA
5240	隅	1	𨸏	禺
5241	隆	1	生	降
5242	隈	0	NA	NA
5243	隋	1	𨸏	余
5244	隍	0	NA	NA
5245	随	0	NA	NA
5246	隐	1	𨸏	㥯
5247	隔	1	𨸏	鬲
5248	隘	0	NA	NA
5249	隙	0	NA	NA
5250	障	1	𨸏	章
5251	隠	0	NA	NA
5252	隣	0	NA	NA
5253	隧	1	目	垂
5254	隶	1	隶	柰
5255	隼	0	NA	NA
5256	隽	0	NA	NA
5257	难	1	隹	堇
5258	雀	0	NA	NA
5259	雁	1	隹	厂
5260	雄	1	隹	厷
5261	雅	1	隹	牙
5262	集	0	NA	NA
5263	雇	1	隹	戶
5264	雉	1	隹	矢
5265	雌	1	隹	此
5266	雍	0	NA	NA
5267	雎	0	NA	NA
5268	雏	0	NA	NA
5269	雑	0	NA	NA
5270	雒	0	NA	NA
5271	雕	0	NA	NA
5272	雨	0	NA	NA
5273	雪	1	雨	彗
5274	雯	0	NA	NA
5275	雰	0	NA	NA
5276	雳	0	NA	NA
5277	零	1	雨	令
5278	雷	0	NA	NA
5279	雹	1	雨	包
5280	雾	1	雨	務
5281	需	0	NA	NA
5282	霁	0	NA	NA
5283	霄	1	水	肖
5284	霆	1	人	停
5285	震	1	雨	辰
5286	霈	0	NA	NA
5287	霉	0	NA	NA
5288	霊	0	NA	NA
5289	霍	0	NA	NA
5290	霎	1	雨	妾
5291	霏	0	NA	NA
5292	霓	1	雨	兒
5293	霖	1	雨	林
5294	霜	1	雨	相
5295	霞	1	雨	叚
5296	霭	0	NA	NA
5297	霰	1	雨	殺
5298	露	1	雨	路
5299	霸	1	革	帛
5300	霹	1	刀	畐
5301	霾	0	NA	NA
5302	青	0	NA	NA
5303	靓	0	NA	NA
5304	靖	0	NA	NA
5305	静	0	NA	NA
5306	靛	0	NA	NA
5307	非	0	NA	NA
5308	靠	1	非	告
5309	靡	1	非	麻
5310	面	0	NA	NA
5311	靥	1	面	厭
5312	革	0	NA	NA
5313	靳	1	革	斤
5314	靴	1	革	化
5315	靶	1	手	巴
5316	靼	0	NA	NA
5317	鞅	0	NA	NA
5318	鞋	1	革	圭
5319	鞍	1	革	安
5320	鞑	0	NA	NA
5321	鞘	1	革	肖
5322	鞠	0	NA	NA
5323	鞣	1	口	丨
5324	鞭	0	NA	NA
5325	韦	0	NA	NA
5326	韧	1	韋	刃
5327	韩	1	韋	倝
5328	韬	0	NA	NA
5329	韭	0	NA	NA
5330	音	0	NA	NA
5331	韵	0	NA	NA
5332	韶	0	NA	NA
5333	頫	1	頁	兆
5334	頼	0	NA	NA
5335	页	0	NA	NA
5336	顶	1	頁	丁
5337	顷	0	NA	NA
5338	项	1	頁	工
5339	顺	1	見	川
5340	须	0	NA	NA
5341	顼	1	頁	玉
5342	顽	1	頁	元
5343	顾	1	鳥	寡
5344	顿	1	頁	屯
5345	颁	1	頁	分
5346	颂	1	公	甬
5347	预	1	頁	予
5348	颅	1	頁	盧
5349	领	1	頁	令
5350	颇	1	頁	皮
5351	颈	1	頁	巠
5352	颉	0	NA	NA
5353	颊	0	NA	NA
5354	颌	0	NA	NA
5355	颍	0	NA	NA
5356	颐	0	NA	NA
5357	频	0	NA	NA
5358	颓	0	NA	NA
5359	颔	0	NA	NA
5360	颖	1	禾	頃
5361	颗	1	頁	果
5362	题	1	頁	是
5363	颚	0	NA	NA
5364	颛	0	NA	NA
5365	颜	1	面	产
5366	额	1	頁	各
5367	颞	0	NA	NA
5368	颠	1	阜	丁
5369	颡	0	NA	NA
5370	颢	0	NA	NA
5371	颤	1	頁	亶
5372	颦	0	NA	NA
5373	颧	0	NA	NA
5374	风	1	虫	凡
5375	飒	1	風	立
5376	飓	1	風	具
5377	飕	0	NA	NA
5378	飘	1	風	票
5379	飙	0	NA	NA
5380	飚	0	NA	NA
5381	飞	0	NA	NA
5382	食	0	NA	NA
5383	飨	0	NA	NA
5384	餐	1	食	𣦻
5385	餚	0	NA	NA
5386	餮	1	金	𢧤
5387	饕	0	NA	NA
5388	饥	1	食	几
5389	饨	0	NA	NA
5390	饪	0	NA	NA
5391	饬	0	NA	NA
5392	饭	0	NA	NA
5393	饮	0	NA	NA
5394	饯	0	NA	NA
5395	饰	1	巾	食
5396	饱	1	食	包
5397	饲	1	食	司
5398	饴	0	NA	NA
5399	饵	1	食	耳
5400	饶	1	食	堯
5401	饷	0	NA	NA
5402	饺	1	食	交
5403	饼	1	食	并
5404	饽	0	NA	NA
5405	饿	1	食	我
5406	馀	0	NA	NA
5407	馁	0	NA	NA
5408	馄	0	NA	NA
5409	馅	0	NA	NA
5410	馆	1	食	官
5411	馈	0	NA	NA
5412	馋	1	食	毚
5413	馍	0	NA	NA
5414	馏	0	NA	NA
5415	馒	1	食	曼
5416	馔	1	食	巽
5417	首	0	NA	NA
5418	馗	0	NA	NA
5419	香	0	NA	NA
5420	馥	0	NA	NA
5421	馨	0	NA	NA
5422	駄	0	NA	NA
5423	駅	0	NA	NA
5424	駆	0	NA	NA
5425	験	0	NA	NA
5426	驒	1	水	它
5427	马	0	NA	NA
5428	驭	0	NA	NA
5429	驮	0	NA	NA
5430	驯	0	NA	NA
5431	驰	1	馬	它
5432	驱	1	馬	區
5433	驳	0	NA	NA
5434	驴	0	NA	NA
5435	驶	1	馬	史
5436	驷	0	NA	NA
5437	驸	0	NA	NA
5438	驹	1	馬	句
5439	驻	1	馬	主
5440	驼	1	馬	它
5441	驾	0	NA	NA
5442	驿	0	NA	NA
5443	骁	0	NA	NA
5444	骂	1	网	馬
5445	骄	1	馬	喬
5446	骅	0	NA	NA
5447	骆	0	NA	NA
5448	骇	1	馬	亥
5449	骈	0	NA	NA
5450	骊	0	NA	NA
5451	骋	1	馬	甹
5452	验	1	馬	僉
5453	骏	1	馬	夋
5454	骐	0	NA	NA
5455	骑	1	馬	奇
5456	骗	1	馬	扁
5457	骚	1	馬	蚤
5458	骛	0	NA	NA
5459	骜	0	NA	NA
5460	骞	0	NA	NA
5461	骠	0	NA	NA
5462	骡	0	NA	NA
5463	骤	1	馬	聚
5464	骥	0	NA	NA
5465	骧	0	NA	NA
5466	骨	0	NA	NA
5467	骰	1	工	弋
5468	骶	0	NA	NA
5469	骷	0	NA	NA
5470	骸	1	骨	亥
5471	骼	1	骨	各
5472	髂	1	口	客
5473	髅	0	NA	NA
5474	髋	0	NA	NA
5475	髓	1	骨	隓
5476	高	0	NA	NA
5477	髦	1	髟	毛
5478	髪	0	NA	NA
5479	髯	0	NA	NA
5480	髻	1	髟	吉
5481	鬃	0	NA	NA
5482	鬓	1	髟	賓
5483	鬟	0	NA	NA
5484	鬣	0	NA	NA
5485	鬼	0	NA	NA
5486	魁	1	斗	鬼
5487	魂	1	鬼	云
5488	魄	1	鬼	白
5489	魅	0	NA	NA
5490	魇	0	NA	NA
5491	魍	0	NA	NA
5492	魏	0	NA	NA
5493	魔	1	鬼	麻
5494	鮨	0	NA	NA
5495	鱼	0	NA	NA
5496	鱿	0	NA	NA
5497	鲁	0	NA	NA
5498	鲈	0	NA	NA
5499	鲍	1	魚	包
5500	鲑	0	NA	NA
5501	鲛	0	NA	NA
5502	鲜	0	NA	NA
5503	鲟	0	NA	NA
5504	鲢	0	NA	NA
5505	鲤	1	魚	里
5506	鲨	0	NA	NA
5507	鲫	1	魚	即
5508	鲱	0	NA	NA
5509	鲲	0	NA	NA
5510	鲶	0	NA	NA
5511	鲷	0	NA	NA
5512	鲸	1	魚	京
5513	鳃	0	NA	NA
5514	鳄	0	NA	NA
5515	鳅	0	NA	NA
5516	鳌	0	NA	NA
5517	鳍	0	NA	NA
5518	鳕	0	NA	NA
5519	鳖	0	NA	NA
5520	鳗	0	NA	NA
5521	鳝	0	NA	NA
5522	鳞	1	魚	粦
5523	鸟	0	NA	NA
5524	鸠	0	NA	NA
5525	鸡	0	NA	NA
5526	鸢	1	隹	戈
5527	鸣	0	NA	NA
5528	鸥	0	NA	NA
5529	鸦	1	鳥	牙
5530	鸨	0	NA	NA
5531	鸪	0	NA	NA
5532	鸭	1	鳥	甲
5533	鸯	0	NA	NA
5534	鸳	0	NA	NA
5535	鸵	0	NA	NA
5536	鸽	1	鳥	合
5537	鸾	0	NA	NA
5538	鸿	1	鳥	江
5539	鹂	0	NA	NA
5540	鹃	1	鳥	肙
5541	鹄	0	NA	NA
5542	鹅	1	鳥	我
5543	鹈	0	NA	NA
5544	鹉	0	NA	NA
5545	鹊	0	NA	NA
5546	鹌	0	NA	NA
5547	鹏	1	鳥	朋
5548	鹑	0	NA	NA
5549	鹕	0	NA	NA
5550	鹘	0	NA	NA
5551	鹜	0	NA	NA
5552	鹞	0	NA	NA
5553	鹤	1	鳥	隺
5554	鹦	0	NA	NA
5555	鹧	0	NA	NA
5556	鹫	0	NA	NA
5557	鹭	1	鳥	路
5558	鹰	1	鳥	䧹
5559	鹳	0	NA	NA
5560	鹿	0	NA	NA
5561	麂	0	NA	NA
5562	麋	1	鹿	眉
5563	麒	0	NA	NA
5564	麓	1	林	鹿
5565	麝	0	NA	NA
5566	麟	1	鹿	粦
5567	麦	0	NA	NA
5568	麴	0	NA	NA
5569	麸	0	NA	NA
5570	麺	0	NA	NA
5571	麻	0	NA	NA
5572	麽	0	NA	NA
5573	麾	0	NA	NA
5574	黄	0	NA	NA
5575	黍	0	NA	NA
5576	黎	0	NA	NA
5577	黏	1	黍	占
5578	黑	0	NA	NA
5579	黒	0	NA	NA
5580	黔	1	黑	今
5581	默	1	犬	黑
5582	黛	1	黑	代
5583	黜	0	NA	NA
5584	黝	1	黑	幼
5585	黠	1	口	气
5586	黯	1	黑	音
5587	鼋	0	NA	NA
5588	鼎	0	NA	NA
5589	鼐	1	女	乃
5590	鼓	1	壴	古
5591	鼠	0	NA	NA
5592	鼬	1	釆	由
5593	鼹	0	NA	NA
5594	鼻	1	自	畀
5595	鼾	0	NA	NA
5596	齁	0	NA	NA
5597	齐	0	NA	NA
5598	齢	0	NA	NA
5599	齿	1	口	止
5600	龄	1	齒	令
5601	龅	0	NA	NA
5602	龈	0	NA	NA
5603	龊	0	NA	NA
5604	龋	0	NA	NA
5605	龌	0	NA	NA
5606	龙	1	辛	兄
5607	龚	0	NA	NA
5608	龛	0	NA	NA
5609	龟	0	NA	NA
