Hanzi,Structure,label_index
一,Unicomponent,0
乙,Unicomponent,0
二,Unicomponent,0
十,Unicomponent,0
丁,Unicomponent,0
厂,Unicomponent,0
七,Unicomponent,0
卜,Unicomponent,0
八,Unicomponent,0
人,Unicomponent,0
入,Unicomponent,0
儿,Unicomponent,0
几,Unicomponent,0
九,Unicomponent,0
了,Unicomponent,0
刀,Unicomponent,0
力,Unicomponent,0
乃,Unicomponent,0
又,Unicomponent,0
三,Unicomponent,0
干,Unicomponent,0
于,Unicomponent,0
亏,Unicomponent,0
工,Unicomponent,0
土,Unicomponent,0
士,Unicomponent,0
才,Unicomponent,0
下,Unicomponent,0
寸,Unicomponent,0
大,Unicomponent,0
丈,Unicomponent,0
与,Unicomponent,0
万,Unicomponent,0
上,Unicomponent,0
小,Unicomponent,0
口,Unicomponent,0
山,Unicomponent,0
巾,Unicomponent,0
千,Vertical juxtaposition,1
乞,Unicomponent,0
川,Unicomponent,0
亿,Horizontal juxtaposition,2
个,Unicomponent,0
夕,Unicomponent,0
久,Unicomponent,0
么,Unicomponent,0
勺,Unicomponent,0
凡,Unicomponent,0
丸,Unicomponent,0
及,Unicomponent,0
广,Unicomponent,0
亡,Unicomponent,0
门,Unicomponent,0
义,Unicomponent,0
之,Unicomponent,0
尸,Unicomponent,0
己,Unicomponent,0
已,Unicomponent,0
弓,Unicomponent,0
子,Unicomponent,0
卫,Unicomponent,0
也,Unicomponent,0
女,Unicomponent,0
刃,Unicomponent,0
飞,Unicomponent,0
习,Unicomponent,0
叉,Unicomponent,0
马,Unicomponent,0
乡,Unicomponent,0
丰,Unicomponent,0
王,Unicomponent,0
开,Unicomponent,0
井,Unicomponent,0
天,Vertical juxtaposition,1
夫,Unicomponent,0
元,Unicomponent,0
无,Unicomponent,0
云,Unicomponent,0
专,Unicomponent,0
扎,Horizontal juxtaposition,2
艺,Vertical juxtaposition,1
木,Unicomponent,0
五,Unicomponent,0
支,Vertical juxtaposition,1
厅,Upper-left enclosing,3
不,Unicomponent,0
犬,Unicomponent,0
太,Unicomponent,0
区,Semi-enclosing,4
历,Upper-left enclosing,3
友,Upper-left enclosing,3
尤,Unicomponent,0
匹,Semi-enclosing,4
车,Unicomponent,0
巨,Unicomponent,0
牙,Unicomponent,0
屯,Unicomponent,0
比,Horizontal juxtaposition,2
互,Unicomponent,0
切,Horizontal juxtaposition,2
瓦,Unicomponent,0
止,Unicomponent,0
少,Vertical juxtaposition,1
日,Unicomponent,0
中,Unicomponent,0
贝,Unicomponent,0
冈,Three-part upper enclosing,5
内,Unicomponent,0
水,Unicomponent,0
见,Vertical juxtaposition,1
午,Unicomponent,0
牛,Unicomponent,0
手,Unicomponent,0
气,Unicomponent,0
毛,Unicomponent,0
升,Unicomponent,0
长,Unicomponent,0
仁,Horizontal juxtaposition,2
什,Horizontal juxtaposition,2
片,Unicomponent,0
仆,Horizontal juxtaposition,2
化,Horizontal juxtaposition,2
仇,Horizontal juxtaposition,2
币,Vertical juxtaposition,1
仍,Horizontal juxtaposition,2
仅,Horizontal juxtaposition,2
斤,Unicomponent,0
爪,Unicomponent,0
反,Upper-left enclosing,3
介,Vertical juxtaposition,1
父,Unicomponent,0
从,Horizontal juxtaposition,2
今,Vertical juxtaposition,1
凶,Three-part lower enclosing,6
分,Vertical juxtaposition,1
乏,Unicomponent,0
公,Vertical juxtaposition,1
仓,Vertical juxtaposition,1
月,Unicomponent,0
氏,Unicomponent,0
勿,Upper-right enclosing,7
欠,Unicomponent,0
风,Three-part upper enclosing,5
丹,Unicomponent,0
匀,Upper-right enclosing,7
乌,Unicomponent,0
勾,Upper-right enclosing,7
凤,Three-part upper enclosing,5
六,Vertical juxtaposition,1
文,Unicomponent,0
方,Unicomponent,0
火,Unicomponent,0
为,Unicomponent,0
斗,Unicomponent,0
忆,Horizontal juxtaposition,2
计,Horizontal juxtaposition,2
订,Horizontal juxtaposition,2
户,Unicomponent,0
认,Horizontal juxtaposition,2
心,Unicomponent,0
尺,Unicomponent,0
引,Horizontal juxtaposition,2
丑,Unicomponent,0
巴,Unicomponent,0
孔,Horizontal juxtaposition,2
队,Horizontal juxtaposition,2
办,Unicomponent,0
以,Horizontal juxtaposition,2
允,Unicomponent,0
予,Unicomponent,0
劝,Horizontal juxtaposition,2
双,Horizontal juxtaposition,2
书,Unicomponent,0
幻,Horizontal juxtaposition,2
玉,Unicomponent,0
刊,Horizontal juxtaposition,2
未,Unicomponent,0
末,Unicomponent,0
示,Unicomponent,0
击,Unicomponent,0
打,Horizontal juxtaposition,2
巧,Horizontal juxtaposition,2
正,Vertical juxtaposition,1
扑,Horizontal juxtaposition,2
扒,Horizontal juxtaposition,2
功,Horizontal juxtaposition,2
扔,Horizontal juxtaposition,2
去,Vertical juxtaposition,1
甘,Unicomponent,0
世,Unicomponent,0
古,Vertical juxtaposition,1
节,Vertical juxtaposition,1
本,Unicomponent,0
术,Unicomponent,0
可,Upper-right enclosing,7
丙,Unicomponent,0
左,Upper-left enclosing,3
厉,Upper-left enclosing,3
石,Upper-left enclosing,3
右,Upper-left enclosing,3
布,Upper-left enclosing,3
龙,Unicomponent,0
平,Unicomponent,0
灭,Vertical juxtaposition,1
轧,Horizontal juxtaposition,2
东,Unicomponent,0
卡,Vertical juxtaposition,1
北,Horizontal juxtaposition,2
占,Vertical juxtaposition,1
业,Unicomponent,0
旧,Horizontal juxtaposition,2
帅,Horizontal juxtaposition,2
归,Horizontal juxtaposition,2
旦,Vertical juxtaposition,1
目,Unicomponent,0
且,Unicomponent,0
叶,Horizontal juxtaposition,2
甲,Unicomponent,0
申,Unicomponent,0
叮,Horizontal juxtaposition,2
电,Unicomponent,0
号,Vertical juxtaposition,1
田,Unicomponent,0
由,Unicomponent,0
只,Vertical juxtaposition,1
史,Unicomponent,0
央,Unicomponent,0
兄,Vertical juxtaposition,1
叼,Horizontal juxtaposition,2
叫,Horizontal juxtaposition,2
叨,Horizontal juxtaposition,2
另,Vertical juxtaposition,1
叹,Horizontal juxtaposition,2
四,Complete enclosing,8
生,Unicomponent,0
失,Unicomponent,0
禾,Unicomponent,0
丘,Unicomponent,0
付,Horizontal juxtaposition,2
仗,Horizontal juxtaposition,2
代,Horizontal juxtaposition,2
仙,Horizontal juxtaposition,2
们,Horizontal juxtaposition,2
仪,Horizontal juxtaposition,2
白,Unicomponent,0
仔,Horizontal juxtaposition,2
他,Horizontal juxtaposition,2
斥,Unicomponent,0
瓜,Unicomponent,0
乎,Unicomponent,0
丛,Vertical juxtaposition,1
令,Vertical juxtaposition,1
用,Unicomponent,0
甩,Unicomponent,0
印,Horizontal juxtaposition,2
乐,Unicomponent,0
句,Upper-right enclosing,7
匆,Unicomponent,0
册,Unicomponent,0
犯,Horizontal juxtaposition,2
外,Horizontal juxtaposition,2
处,Lower-left enclosing,9
冬,Vertical juxtaposition,1
鸟,Unicomponent,0
务,Vertical juxtaposition,1
包,Upper-right enclosing,7
饥,Horizontal juxtaposition,2
主,Unicomponent,0
市,Vertical juxtaposition,1
立,Unicomponent,0
闪,Three-part upper enclosing,5
兰,Vertical juxtaposition,1
半,Unicomponent,0
汁,Horizontal juxtaposition,2
汇,Horizontal juxtaposition,2
头,Unicomponent,0
汉,Horizontal juxtaposition,2
宁,Vertical juxtaposition,1
穴,Unicomponent,0
它,Vertical juxtaposition,1
讨,Horizontal juxtaposition,2
写,Vertical juxtaposition,1
让,Horizontal juxtaposition,2
礼,Horizontal juxtaposition,2
训,Horizontal juxtaposition,2
议,Horizontal juxtaposition,2
必,Unicomponent,0
讯,Horizontal juxtaposition,2
记,Horizontal juxtaposition,2
永,Unicomponent,0
司,Upper-right enclosing,7
尼,Upper-left enclosing,3
民,Unicomponent,0
出,Unicomponent,0
辽,Lower-left enclosing,9
奶,Horizontal juxtaposition,2
奴,Horizontal juxtaposition,2
召,Vertical juxtaposition,1
加,Horizontal juxtaposition,2
皮,Unicomponent,0
边,Lower-left enclosing,9
孕,Vertical juxtaposition,1
发,Unicomponent,0
圣,Vertical juxtaposition,1
对,Horizontal juxtaposition,2
台,Vertical juxtaposition,1
矛,Upper-right enclosing,7
纠,Horizontal juxtaposition,2
母,Unicomponent,0
幼,Horizontal juxtaposition,2
丝,Vertical juxtaposition,1
式,Upper-right enclosing,7
刑,Horizontal juxtaposition,2
动,Horizontal juxtaposition,2
扛,Horizontal juxtaposition,2
寺,Vertical juxtaposition,1
吉,Vertical juxtaposition,1
扣,Horizontal juxtaposition,2
考,Vertical juxtaposition,1
托,Horizontal juxtaposition,2
老,Vertical juxtaposition,1
巩,Horizontal juxtaposition,2
圾,Horizontal juxtaposition,2
执,Horizontal juxtaposition,2
扩,Horizontal juxtaposition,2
扫,Horizontal juxtaposition,2
地,Horizontal juxtaposition,2
场,Horizontal juxtaposition,2
扬,Horizontal juxtaposition,2
耳,Unicomponent,0
共,Vertical juxtaposition,1
芒,Vertical juxtaposition,1
亚,Unicomponent,0
芝,Vertical juxtaposition,1
朽,Horizontal juxtaposition,2
朴,Horizontal juxtaposition,2
机,Horizontal juxtaposition,2
权,Horizontal juxtaposition,2
过,Lower-left enclosing,9
臣,Unicomponent,0
再,Vertical juxtaposition,1
协,Horizontal juxtaposition,2
西,Unicomponent,0
压,Upper-left enclosing,3
厌,Upper-left enclosing,3
在,Upper-left enclosing,3
百,Vertical juxtaposition,1
有,Vertical juxtaposition,1
存,Upper-left enclosing,3
而,Unicomponent,0
页,Unicomponent,0
匠,Semi-enclosing,4
夸,Vertical juxtaposition,1
夺,Vertical juxtaposition,1
灰,Upper-left enclosing,3
达,Lower-left enclosing,9
列,Horizontal juxtaposition,2
死,Horizontal juxtaposition,2
成,Unicomponent,0
夹,Unicomponent,0
轨,Horizontal juxtaposition,2
邪,Horizontal juxtaposition,2
划,Horizontal juxtaposition,2
迈,Lower-left enclosing,9
毕,Vertical juxtaposition,1
至,Vertical juxtaposition,1
此,Horizontal juxtaposition,2
贞,Vertical juxtaposition,1
师,Horizontal juxtaposition,2
尘,Vertical juxtaposition,1
尖,Vertical juxtaposition,1
劣,Vertical juxtaposition,1
光,Vertical juxtaposition,1
当,Vertical juxtaposition,1
早,Vertical juxtaposition,1
吐,Horizontal juxtaposition,2
吓,Horizontal juxtaposition,2
虫,Unicomponent,0
曲,Unicomponent,0
团,Complete enclosing,8
同,Three-part upper enclosing,5
吊,Vertical juxtaposition,1
吃,Horizontal juxtaposition,2
因,Complete enclosing,8
吸,Horizontal juxtaposition,2
吗,Horizontal juxtaposition,2
屿,Horizontal juxtaposition,2
岁,Vertical juxtaposition,1
帆,Horizontal juxtaposition,2
回,Complete enclosing,8
岂,Vertical juxtaposition,1
则,Horizontal juxtaposition,2
刚,Horizontal juxtaposition,2
网,Three-part upper enclosing,5
肉,Unicomponent,0
年,Vertical juxtaposition,1
朱,Unicomponent,0
先,Vertical juxtaposition,1
丢,Vertical juxtaposition,1
舌,Unicomponent,0
竹,Unicomponent,0
迁,Lower-left enclosing,9
乔,Vertical juxtaposition,1
伟,Horizontal juxtaposition,2
传,Horizontal juxtaposition,2
乒,Vertical juxtaposition,1
乓,Vertical juxtaposition,1
休,Horizontal juxtaposition,2
伍,Horizontal juxtaposition,2
伏,Horizontal juxtaposition,2
优,Horizontal juxtaposition,2
伐,Horizontal juxtaposition,2
延,Lower-left enclosing,9
件,Horizontal juxtaposition,2
任,Horizontal juxtaposition,2
伤,Horizontal juxtaposition,2
价,Horizontal juxtaposition,2
份,Horizontal juxtaposition,2
华,Vertical juxtaposition,1
仰,Horizontal juxtaposition,2
仿,Horizontal juxtaposition,2
伙,Horizontal juxtaposition,2
伪,Horizontal juxtaposition,2
自,Unicomponent,0
血,Unicomponent,0
向,Three-part upper enclosing,5
似,Horizontal juxtaposition,2
后,Upper-left enclosing,3
行,Horizontal juxtaposition,2
舟,Unicomponent,0
全,Vertical juxtaposition,1
会,Vertical juxtaposition,1
杀,Vertical juxtaposition,1
合,Vertical trisection,10
兆,Horizontal juxtaposition,2
企,Vertical juxtaposition,1
众,Trigram,11
爷,Vertical juxtaposition,1
伞,Vertical juxtaposition,1
创,Horizontal juxtaposition,2
肌,Horizontal juxtaposition,2
朵,Vertical juxtaposition,1
杂,Vertical juxtaposition,1
危,Vertical juxtaposition,1
旬,Upper-right enclosing,7
旨,Vertical juxtaposition,1
负,Vertical juxtaposition,1
名,Vertical juxtaposition,1
各,Vertical juxtaposition,1
多,Vertical juxtaposition,1
争,Vertical juxtaposition,1
色,Vertical juxtaposition,1
壮,Horizontal juxtaposition,2
冲,Horizontal juxtaposition,2
冰,Horizontal juxtaposition,2
庄,Upper-left enclosing,3
庆,Upper-left enclosing,3
亦,Unicomponent,0
刘,Horizontal juxtaposition,2
齐,Vertical juxtaposition,1
交,Vertical juxtaposition,1
衣,Unicomponent,0
次,Horizontal juxtaposition,2
产,Unicomponent,0
决,Horizontal juxtaposition,2
充,Vertical juxtaposition,1
妄,Vertical juxtaposition,1
闭,Three-part upper enclosing,5
问,Three-part upper enclosing,5
闯,Three-part upper enclosing,5
羊,Unicomponent,0
并,Vertical juxtaposition,1
关,Vertical juxtaposition,1
米,Unicomponent,0
灯,Horizontal juxtaposition,2
州,Unicomponent,0
汗,Horizontal juxtaposition,2
污,Horizontal juxtaposition,2
江,Horizontal juxtaposition,2
池,Horizontal juxtaposition,2
汤,Horizontal juxtaposition,2
忙,Horizontal juxtaposition,2
兴,Vertical juxtaposition,1
宇,Vertical juxtaposition,1
守,Vertical juxtaposition,1
宅,Vertical juxtaposition,1
字,Vertical juxtaposition,1
安,Vertical juxtaposition,1
讲,Horizontal juxtaposition,2
军,Vertical juxtaposition,1
许,Horizontal juxtaposition,2
论,Horizontal juxtaposition,2
农,Unicomponent,0
讽,Horizontal juxtaposition,2
设,Horizontal juxtaposition,2
访,Horizontal juxtaposition,2
寻,Vertical juxtaposition,1
那,Horizontal juxtaposition,2
迅,Lower-left enclosing,9
尽,Vertical juxtaposition,1
导,Vertical juxtaposition,1
异,Vertical juxtaposition,1
孙,Horizontal juxtaposition,2
阵,Horizontal juxtaposition,2
阳,Horizontal juxtaposition,2
收,Horizontal juxtaposition,2
阶,Horizontal juxtaposition,2
阴,Horizontal juxtaposition,2
防,Horizontal juxtaposition,2
奸,Horizontal juxtaposition,2
如,Horizontal juxtaposition,2
妇,Horizontal juxtaposition,2
好,Horizontal juxtaposition,2
她,Horizontal juxtaposition,2
妈,Horizontal juxtaposition,2
戏,Horizontal juxtaposition,2
羽,Horizontal juxtaposition,2
观,Horizontal juxtaposition,2
欢,Horizontal juxtaposition,2
买,Vertical juxtaposition,1
红,Horizontal juxtaposition,2
纤,Horizontal juxtaposition,2
约,Horizontal juxtaposition,2
级,Horizontal juxtaposition,2
纪,Horizontal juxtaposition,2
驰,Horizontal juxtaposition,2
巡,Lower-left enclosing,9
寿,Vertical juxtaposition,1
弄,Vertical juxtaposition,1
麦,Unicomponent,0
形,Horizontal juxtaposition,2
进,Lower-left enclosing,9
戒,Upper-right enclosing,7
吞,Vertical juxtaposition,1
远,Lower-left enclosing,9
违,Lower-left enclosing,9
运,Lower-left enclosing,9
扶,Horizontal juxtaposition,2
抚,Horizontal juxtaposition,2
坛,Horizontal juxtaposition,2
技,Horizontal juxtaposition,2
坏,Horizontal juxtaposition,2
扰,Horizontal juxtaposition,2
拒,Horizontal juxtaposition,2
找,Horizontal juxtaposition,2
批,Horizontal juxtaposition,2
址,Horizontal juxtaposition,2
扯,Horizontal juxtaposition,2
走,Vertical juxtaposition,1
抄,Horizontal juxtaposition,2
贡,Vertical juxtaposition,1
坝,Horizontal juxtaposition,2
攻,Horizontal juxtaposition,2
赤,Unicomponent,0
折,Horizontal juxtaposition,2
抓,Horizontal juxtaposition,2
扮,Horizontal juxtaposition,2
抢,Horizontal juxtaposition,2
孝,Vertical juxtaposition,1
均,Horizontal juxtaposition,2
抛,Horizontal juxtaposition,2
投,Horizontal juxtaposition,2
坟,Horizontal juxtaposition,2
坑,Horizontal juxtaposition,2
抗,Horizontal juxtaposition,2
坊,Horizontal juxtaposition,2
抖,Horizontal juxtaposition,2
护,Horizontal juxtaposition,2
壳,Vertical juxtaposition,1
志,Vertical juxtaposition,1
块,Horizontal juxtaposition,2
扭,Horizontal juxtaposition,2
声,Vertical juxtaposition,1
把,Horizontal juxtaposition,2
报,Horizontal juxtaposition,2
却,Horizontal juxtaposition,2
劫,Horizontal juxtaposition,2
芽,Vertical juxtaposition,1
花,Vertical juxtaposition,1
芹,Vertical juxtaposition,1
芬,Vertical juxtaposition,1
苍,Vertical juxtaposition,1
芳,Vertical juxtaposition,1
严,Vertical juxtaposition,1
芦,Vertical juxtaposition,1
劳,Vertical juxtaposition,1
克,Vertical trisection,10
苏,Vertical juxtaposition,1
杆,Horizontal juxtaposition,2
杠,Horizontal juxtaposition,2
杜,Horizontal juxtaposition,2
材,Horizontal juxtaposition,2
村,Horizontal juxtaposition,2
杏,Vertical juxtaposition,1
极,Horizontal juxtaposition,2
李,Vertical juxtaposition,1
杨,Horizontal juxtaposition,2
求,Unicomponent,0
更,Unicomponent,0
束,Unicomponent,0
豆,Unicomponent,0
两,Unicomponent,0
丽,Vertical juxtaposition,1
医,Semi-enclosing,4
辰,Unicomponent,0
励,Horizontal juxtaposition,2
否,Vertical juxtaposition,1
还,Lower-left enclosing,9
歼,Horizontal juxtaposition,2
来,Unicomponent,0
连,Lower-left enclosing,9
步,Vertical juxtaposition,1
坚,Vertical juxtaposition,1
旱,Vertical juxtaposition,1
盯,Horizontal juxtaposition,2
呈,Vertical juxtaposition,1
时,Horizontal juxtaposition,2
吴,Vertical juxtaposition,1
助,Horizontal juxtaposition,2
县,Vertical juxtaposition,1
里,Vertical juxtaposition,1
呆,Vertical juxtaposition,1
园,Complete enclosing,8
旷,Horizontal juxtaposition,2
围,Complete enclosing,8
呀,Horizontal juxtaposition,2
吨,Horizontal juxtaposition,2
足,Vertical juxtaposition,1
邮,Horizontal juxtaposition,2
男,Vertical juxtaposition,1
困,Complete enclosing,8
吵,Horizontal juxtaposition,2
串,Unicomponent,0
员,Vertical juxtaposition,1
听,Horizontal juxtaposition,2
吩,Horizontal juxtaposition,2
吹,Horizontal juxtaposition,2
呜,Horizontal juxtaposition,2
吧,Horizontal juxtaposition,2
吼,Horizontal trisection,12
别,Horizontal juxtaposition,2
岗,Vertical juxtaposition,1
帐,Horizontal juxtaposition,2
财,Horizontal juxtaposition,2
针,Horizontal juxtaposition,2
钉,Horizontal juxtaposition,2
告,Vertical juxtaposition,1
我,Horizontal juxtaposition,2
乱,Horizontal juxtaposition,2
利,Horizontal juxtaposition,2
秃,Vertical juxtaposition,1
秀,Vertical juxtaposition,1
私,Horizontal juxtaposition,2
每,Vertical juxtaposition,1
兵,Vertical juxtaposition,1
估,Horizontal juxtaposition,2
体,Horizontal juxtaposition,2
何,Horizontal juxtaposition,2
但,Horizontal juxtaposition,2
伸,Horizontal juxtaposition,2
作,Horizontal juxtaposition,2
伯,Horizontal juxtaposition,2
伶,Horizontal juxtaposition,2
佣,Horizontal juxtaposition,2
低,Horizontal juxtaposition,2
你,Horizontal juxtaposition,2
住,Horizontal juxtaposition,2
位,Horizontal juxtaposition,2
伴,Horizontal juxtaposition,2
身,Unicomponent,0
皂,Vertical juxtaposition,1
佛,Horizontal juxtaposition,2
近,Lower-left enclosing,9
彻,Horizontal trisection,12
役,Horizontal juxtaposition,2
返,Lower-left enclosing,9
余,Vertical juxtaposition,1
希,Vertical juxtaposition,1
坐,Vertical juxtaposition,1
谷,Vertical juxtaposition,1
妥,Vertical juxtaposition,1
含,Vertical juxtaposition,1
邻,Horizontal juxtaposition,2
岔,Vertical juxtaposition,1
肝,Horizontal juxtaposition,2
肚,Horizontal juxtaposition,2
肠,Horizontal juxtaposition,2
龟,Vertical juxtaposition,1
免,Vertical juxtaposition,1
狂,Horizontal juxtaposition,2
犹,Horizontal juxtaposition,2
角,Unicomponent,0
删,Horizontal juxtaposition,2
条,Vertical juxtaposition,1
卵,Horizontal juxtaposition,2
岛,Vertical juxtaposition,1
迎,Lower-left enclosing,9
饭,Horizontal juxtaposition,2
饮,Horizontal juxtaposition,2
系,Vertical juxtaposition,1
言,Unicomponent,0
冻,Horizontal juxtaposition,2
状,Horizontal juxtaposition,2
亩,Vertical juxtaposition,1
况,Horizontal juxtaposition,2
床,Upper-left enclosing,3
库,Upper-left enclosing,3
疗,Upper-left enclosing,3
应,Upper-left enclosing,3
这,Lower-left enclosing,9
冷,Horizontal juxtaposition,2
序,Upper-left enclosing,3
辛,Unicomponent,0
弃,Vertical juxtaposition,1
冶,Horizontal juxtaposition,2
忘,Vertical juxtaposition,1
闲,Three-part upper enclosing,5
间,Three-part upper enclosing,5
闷,Three-part upper enclosing,5
判,Horizontal juxtaposition,2
灶,Horizontal juxtaposition,2
灿,Horizontal juxtaposition,2
弟,Unicomponent,0
汪,Horizontal juxtaposition,2
沙,Horizontal juxtaposition,2
汽,Horizontal juxtaposition,2
沃,Horizontal juxtaposition,2
泛,Horizontal juxtaposition,2
没,Horizontal juxtaposition,2
沟,Horizontal juxtaposition,2
沈,Horizontal juxtaposition,2
沉,Horizontal juxtaposition,2
怀,Horizontal juxtaposition,2
忧,Horizontal juxtaposition,2
快,Horizontal juxtaposition,2
完,Vertical juxtaposition,1
宋,Vertical juxtaposition,1
宏,Vertical juxtaposition,1
牢,Vertical juxtaposition,1
究,Vertical juxtaposition,1
穷,Vertical juxtaposition,1
灾,Vertical juxtaposition,1
良,Unicomponent,0
证,Horizontal juxtaposition,2
启,Upper-left enclosing,3
评,Horizontal juxtaposition,2
补,Horizontal juxtaposition,2
初,Horizontal juxtaposition,2
社,Horizontal juxtaposition,2
识,Horizontal juxtaposition,2
诉,Horizontal juxtaposition,2
诊,Horizontal juxtaposition,2
词,Horizontal juxtaposition,2
译,Horizontal juxtaposition,2
君,Vertical juxtaposition,1
灵,Vertical juxtaposition,1
即,Horizontal juxtaposition,2
层,Upper-left enclosing,3
尿,Upper-left enclosing,3
尾,Upper-left enclosing,3
迟,Lower-left enclosing,9
局,Upper-left enclosing,3
改,Horizontal juxtaposition,2
张,Horizontal juxtaposition,2
忌,Vertical juxtaposition,1
际,Horizontal juxtaposition,2
陆,Horizontal juxtaposition,2
阿,Horizontal juxtaposition,2
陈,Horizontal juxtaposition,2
阻,Horizontal juxtaposition,2
附,Horizontal juxtaposition,2
妙,Horizontal juxtaposition,2
妖,Horizontal juxtaposition,2
妨,Horizontal juxtaposition,2
努,Vertical juxtaposition,1
忍,Vertical juxtaposition,1
劲,Horizontal juxtaposition,2
鸡,Horizontal juxtaposition,2
驱,Horizontal juxtaposition,2
纯,Horizontal juxtaposition,2
纱,Horizontal juxtaposition,2
纲,Horizontal juxtaposition,2
纳,Horizontal juxtaposition,2
驳,Horizontal juxtaposition,2
纵,Horizontal juxtaposition,2
纷,Horizontal juxtaposition,2
纸,Horizontal juxtaposition,2
纹,Horizontal juxtaposition,2
纺,Horizontal juxtaposition,2
驴,Horizontal juxtaposition,2
纽,Horizontal juxtaposition,2
奉,Vertical juxtaposition,1
玩,Horizontal juxtaposition,2
环,Horizontal juxtaposition,2
武,Upper-right enclosing,7
青,Vertical juxtaposition,1
责,Vertical juxtaposition,1
现,Horizontal juxtaposition,2
表,Vertical juxtaposition,1
规,Horizontal juxtaposition,2
抹,Horizontal juxtaposition,2
拢,Horizontal juxtaposition,2
拔,Horizontal juxtaposition,2
拣,Horizontal juxtaposition,2
坦,Horizontal juxtaposition,2
担,Horizontal juxtaposition,2
押,Horizontal juxtaposition,2
抽,Horizontal juxtaposition,2
拐,Horizontal juxtaposition,2
拖,Horizontal juxtaposition,2
者,Vertical juxtaposition,1
拍,Horizontal juxtaposition,2
顶,Horizontal juxtaposition,2
拆,Horizontal juxtaposition,2
拥,Horizontal juxtaposition,2
抵,Horizontal juxtaposition,2
拘,Horizontal juxtaposition,2
势,Vertical juxtaposition,1
抱,Horizontal juxtaposition,2
垃,Horizontal juxtaposition,2
拉,Horizontal juxtaposition,2
拦,Horizontal juxtaposition,2
幸,Vertical juxtaposition,1
拌,Horizontal juxtaposition,2
招,Horizontal juxtaposition,2
坡,Horizontal juxtaposition,2
披,Horizontal juxtaposition,2
拨,Horizontal juxtaposition,2
择,Horizontal juxtaposition,2
抬,Horizontal juxtaposition,2
其,Unicomponent,0
取,Horizontal juxtaposition,2
苦,Vertical juxtaposition,1
若,Vertical juxtaposition,1
茂,Vertical juxtaposition,1
苹,Vertical juxtaposition,1
苗,Vertical juxtaposition,1
英,Vertical juxtaposition,1
范,Vertical juxtaposition,1
直,Vertical juxtaposition,1
茄,Vertical juxtaposition,1
茎,Vertical juxtaposition,1
茅,Vertical juxtaposition,1
林,Horizontal juxtaposition,2
枝,Horizontal juxtaposition,2
杯,Horizontal juxtaposition,2
柜,Horizontal juxtaposition,2
析,Horizontal juxtaposition,2
板,Horizontal juxtaposition,2
松,Horizontal juxtaposition,2
枪,Horizontal juxtaposition,2
构,Horizontal juxtaposition,2
杰,Vertical juxtaposition,1
述,Lower-left enclosing,9
枕,Horizontal juxtaposition,2
丧,Vertical juxtaposition,1
或,Upper-right enclosing,7
画,Three-part lower enclosing,6
卧,Horizontal juxtaposition,2
事,Vertical juxtaposition,1
刺,Horizontal juxtaposition,2
枣,Vertical juxtaposition,1
雨,Unicomponent,0
卖,Vertical juxtaposition,1
矿,Horizontal juxtaposition,2
码,Horizontal juxtaposition,2
厕,Upper-left enclosing,3
奔,Vertical juxtaposition,1
奇,Vertical juxtaposition,1
奋,Vertical juxtaposition,1
态,Vertical juxtaposition,1
欧,Horizontal juxtaposition,2
垄,Vertical juxtaposition,1
妻,Vertical juxtaposition,1
轰,Vertical juxtaposition,1
顷,Horizontal juxtaposition,2
转,Horizontal juxtaposition,2
斩,Horizontal juxtaposition,2
轮,Horizontal juxtaposition,2
软,Horizontal juxtaposition,2
到,Horizontal juxtaposition,2
非,Unicomponent,0
叔,Horizontal juxtaposition,2
肯,Vertical juxtaposition,1
齿,Vertical juxtaposition,1
些,Vertical juxtaposition,1
虎,Upper-left enclosing,3
虏,Upper-left enclosing,3
肾,Vertical juxtaposition,1
贤,Vertical juxtaposition,1
尚,Vertical juxtaposition,1
旺,Horizontal juxtaposition,2
具,Vertical juxtaposition,1
味,Horizontal juxtaposition,2
果,Embedded,13
昆,Vertical juxtaposition,1
国,Complete enclosing,8
昌,Vertical juxtaposition,1
畅,Horizontal juxtaposition,2
明,Horizontal juxtaposition,2
易,Vertical juxtaposition,1
昂,Vertical juxtaposition,1
典,Vertical juxtaposition,1
固,Complete enclosing,8
忠,Vertical juxtaposition,1
咐,Horizontal juxtaposition,2
呼,Horizontal juxtaposition,2
鸣,Horizontal juxtaposition,2
咏,Horizontal juxtaposition,2
呢,Horizontal juxtaposition,2
岸,Vertical juxtaposition,1
岩,Vertical juxtaposition,1
帖,Horizontal juxtaposition,2
罗,Vertical juxtaposition,1
帜,Horizontal juxtaposition,2
岭,Horizontal juxtaposition,2
凯,Horizontal juxtaposition,2
败,Horizontal juxtaposition,2
贩,Horizontal juxtaposition,2
购,Horizontal juxtaposition,2
图,Complete enclosing,8
钓,Horizontal juxtaposition,2
制,Horizontal juxtaposition,2
知,Horizontal juxtaposition,2
垂,Unicomponent,0
牧,Horizontal juxtaposition,2
物,Horizontal juxtaposition,2
乖,Unicomponent,0
刮,Horizontal juxtaposition,2
秆,Horizontal juxtaposition,2
和,Horizontal juxtaposition,2
季,Vertical juxtaposition,1
委,Vertical juxtaposition,1
佳,Horizontal juxtaposition,2
侍,Horizontal juxtaposition,2
供,Horizontal juxtaposition,2
使,Horizontal juxtaposition,2
例,Horizontal trisection,12
版,Horizontal juxtaposition,2
侄,Horizontal juxtaposition,2
侦,Horizontal juxtaposition,2
侧,Horizontal trisection,12
凭,Vertical juxtaposition,1
侨,Horizontal juxtaposition,2
佩,Horizontal juxtaposition,2
货,Vertical juxtaposition,1
依,Horizontal juxtaposition,2
的,Horizontal juxtaposition,2
迫,Lower-left enclosing,9
质,Upper-left enclosing,3
欣,Horizontal juxtaposition,2
征,Horizontal juxtaposition,2
往,Horizontal juxtaposition,2
爬,Horizontal juxtaposition,2
彼,Horizontal juxtaposition,2
径,Horizontal juxtaposition,2
所,Horizontal juxtaposition,2
舍,Vertical juxtaposition,1
金,Vertical juxtaposition,1
命,Vertical juxtaposition,1
斧,Vertical juxtaposition,1
爸,Vertical juxtaposition,1
采,Vertical juxtaposition,1
受,Vertical juxtaposition,1
乳,Horizontal juxtaposition,2
贪,Vertical juxtaposition,1
念,Vertical juxtaposition,1
贫,Vertical juxtaposition,1
肤,Horizontal juxtaposition,2
肺,Horizontal juxtaposition,2
肢,Horizontal juxtaposition,2
肿,Horizontal juxtaposition,2
胀,Horizontal juxtaposition,2
朋,Horizontal juxtaposition,2
股,Horizontal juxtaposition,2
肥,Horizontal juxtaposition,2
服,Horizontal juxtaposition,2
胁,Horizontal juxtaposition,2
周,Three-part upper enclosing,5
昏,Vertical juxtaposition,1
鱼,Vertical juxtaposition,1
兔,Vertical juxtaposition,1
狐,Horizontal juxtaposition,2
忽,Vertical juxtaposition,1
狗,Horizontal juxtaposition,2
备,Vertical juxtaposition,1
饰,Horizontal juxtaposition,2
饱,Horizontal juxtaposition,2
饲,Horizontal juxtaposition,2
变,Vertical juxtaposition,1
京,Vertical trisection,10
享,Vertical juxtaposition,1
店,Upper-left enclosing,3
夜,Vertical juxtaposition,1
庙,Upper-left enclosing,3
府,Upper-left enclosing,3
底,Upper-left enclosing,3
剂,Horizontal juxtaposition,2
郊,Horizontal juxtaposition,2
废,Upper-left enclosing,3
净,Horizontal juxtaposition,2
盲,Vertical juxtaposition,1
放,Horizontal juxtaposition,2
刻,Horizontal juxtaposition,2
育,Vertical juxtaposition,1
闸,Three-part upper enclosing,5
闹,Three-part upper enclosing,5
郑,Horizontal juxtaposition,2
券,Vertical juxtaposition,1
卷,Vertical juxtaposition,1
单,Vertical juxtaposition,1
炒,Horizontal juxtaposition,2
炊,Horizontal juxtaposition,2
炕,Horizontal juxtaposition,2
炎,Vertical juxtaposition,1
炉,Horizontal juxtaposition,2
沫,Horizontal juxtaposition,2
浅,Horizontal juxtaposition,2
法,Horizontal juxtaposition,2
泄,Horizontal juxtaposition,2
河,Horizontal juxtaposition,2
沾,Horizontal juxtaposition,2
泪,Horizontal juxtaposition,2
油,Horizontal juxtaposition,2
泊,Horizontal juxtaposition,2
沿,Horizontal juxtaposition,2
泡,Horizontal juxtaposition,2
注,Horizontal juxtaposition,2
泻,Horizontal juxtaposition,2
泳,Horizontal juxtaposition,2
泥,Horizontal juxtaposition,2
沸,Horizontal juxtaposition,2
波,Horizontal juxtaposition,2
泼,Horizontal juxtaposition,2
泽,Horizontal juxtaposition,2
治,Horizontal juxtaposition,2
怖,Horizontal juxtaposition,2
性,Horizontal juxtaposition,2
怕,Horizontal juxtaposition,2
怜,Horizontal juxtaposition,2
怪,Horizontal juxtaposition,2
学,Vertical juxtaposition,1
宝,Vertical juxtaposition,1
宗,Vertical juxtaposition,1
定,Vertical juxtaposition,1
宜,Vertical juxtaposition,1
审,Vertical juxtaposition,1
宙,Vertical juxtaposition,1
官,Vertical juxtaposition,1
空,Vertical juxtaposition,1
帘,Vertical juxtaposition,1
实,Vertical juxtaposition,1
试,Horizontal juxtaposition,2
郎,Horizontal juxtaposition,2
诗,Horizontal juxtaposition,2
肩,Upper-left enclosing,3
房,Upper-left enclosing,3
诚,Horizontal juxtaposition,2
衬,Horizontal juxtaposition,2
衫,Horizontal juxtaposition,2
视,Horizontal juxtaposition,2
话,Horizontal juxtaposition,2
诞,Horizontal juxtaposition,2
询,Horizontal juxtaposition,2
该,Horizontal juxtaposition,2
详,Horizontal juxtaposition,2
建,Lower-left enclosing,9
肃,Vertical juxtaposition,1
录,Vertical juxtaposition,1
隶,Unicomponent,0
居,Upper-left enclosing,3
届,Upper-left enclosing,3
刷,Horizontal juxtaposition,2
屈,Upper-left enclosing,3
弦,Horizontal juxtaposition,2
承,Unicomponent,0
孟,Vertical juxtaposition,1
孤,Horizontal juxtaposition,2
陕,Horizontal juxtaposition,2
降,Horizontal juxtaposition,2
限,Horizontal juxtaposition,2
妹,Horizontal juxtaposition,2
姑,Horizontal juxtaposition,2
姐,Horizontal juxtaposition,2
姓,Horizontal juxtaposition,2
始,Horizontal juxtaposition,2
驾,Vertical juxtaposition,1
参,Vertical juxtaposition,1
艰,Horizontal juxtaposition,2
线,Horizontal juxtaposition,2
练,Horizontal juxtaposition,2
组,Horizontal juxtaposition,2
细,Horizontal juxtaposition,2
驶,Horizontal juxtaposition,2
织,Horizontal juxtaposition,2
终,Horizontal juxtaposition,2
驻,Horizontal juxtaposition,2
驼,Horizontal juxtaposition,2
绍,Horizontal juxtaposition,2
经,Horizontal juxtaposition,2
贯,Vertical juxtaposition,1
奏,Three-part upper enclosing,5
春,Vertical juxtaposition,1
帮,Vertical juxtaposition,1
珍,Horizontal juxtaposition,2
玻,Horizontal juxtaposition,2
毒,Vertical juxtaposition,1
型,Vertical juxtaposition,1
挂,Horizontal juxtaposition,2
封,Horizontal juxtaposition,2
持,Horizontal juxtaposition,2
项,Horizontal juxtaposition,2
垮,Horizontal juxtaposition,2
挎,Horizontal juxtaposition,2
城,Horizontal juxtaposition,2
挠,Horizontal juxtaposition,2
政,Horizontal juxtaposition,2
赴,Lower-left enclosing,9
赵,Lower-left enclosing,9
挡,Horizontal juxtaposition,2
挺,Horizontal juxtaposition,2
括,Horizontal juxtaposition,2
拴,Horizontal juxtaposition,2
拾,Horizontal juxtaposition,2
挑,Horizontal juxtaposition,2
指,Horizontal juxtaposition,2
垫,Vertical juxtaposition,1
挣,Horizontal juxtaposition,2
挤,Horizontal juxtaposition,2
拼,Horizontal juxtaposition,2
挖,Horizontal juxtaposition,2
按,Horizontal juxtaposition,2
挥,Horizontal juxtaposition,2
挪,Horizontal juxtaposition,2
某,Vertical juxtaposition,1
甚,Vertical juxtaposition,1
革,Unicomponent,0
荐,Vertical juxtaposition,1
巷,Vertical juxtaposition,1
带,Vertical juxtaposition,1
草,Vertical juxtaposition,1
茧,Vertical juxtaposition,1
茶,Vertical juxtaposition,1
荒,Vertical juxtaposition,1
茫,Vertical juxtaposition,1
荡,Vertical juxtaposition,1
荣,Vertical juxtaposition,1
故,Horizontal juxtaposition,2
胡,Horizontal juxtaposition,2
南,Vertical juxtaposition,1
药,Vertical juxtaposition,1
标,Horizontal juxtaposition,2
枯,Horizontal juxtaposition,2
柄,Horizontal juxtaposition,2
栋,Horizontal juxtaposition,2
相,Horizontal juxtaposition,2
查,Vertical juxtaposition,1
柏,Horizontal juxtaposition,2
柳,Horizontal juxtaposition,2
柱,Horizontal juxtaposition,2
柿,Horizontal juxtaposition,2
栏,Horizontal juxtaposition,2
树,Horizontal trisection,12
要,Vertical juxtaposition,1
咸,Three-part upper enclosing,5
威,Three-part upper enclosing,5
歪,Vertical juxtaposition,1
研,Horizontal juxtaposition,2
砖,Horizontal juxtaposition,2
厘,Upper-left enclosing,3
厚,Upper-left enclosing,3
砌,Horizontal juxtaposition,2
砍,Horizontal juxtaposition,2
面,Unicomponent,0
耐,Horizontal juxtaposition,2
耍,Vertical juxtaposition,1
牵,Vertical juxtaposition,1
残,Horizontal juxtaposition,2
殃,Horizontal juxtaposition,2
轻,Horizontal juxtaposition,2
鸦,Horizontal juxtaposition,2
皆,Vertical juxtaposition,1
背,Vertical juxtaposition,1
战,Horizontal juxtaposition,2
点,Vertical juxtaposition,1
临,Horizontal juxtaposition,2
览,Vertical juxtaposition,1
竖,Vertical juxtaposition,1
省,Vertical juxtaposition,1
削,Horizontal juxtaposition,2
尝,Vertical juxtaposition,1
是,Vertical juxtaposition,1
盼,Horizontal juxtaposition,2
眨,Horizontal juxtaposition,2
哄,Horizontal juxtaposition,2
哑,Horizontal juxtaposition,2
显,Vertical juxtaposition,1
冒,Vertical juxtaposition,1
映,Horizontal juxtaposition,2
星,Vertical juxtaposition,1
昨,Horizontal juxtaposition,2
畏,Vertical juxtaposition,1
趴,Horizontal juxtaposition,2
胃,Vertical juxtaposition,1
贵,Vertical juxtaposition,1
界,Vertical juxtaposition,1
虹,Horizontal juxtaposition,2
虾,Horizontal juxtaposition,2
蚁,Horizontal juxtaposition,2
思,Vertical juxtaposition,1
蚂,Horizontal juxtaposition,2
虽,Vertical juxtaposition,1
品,Trigram,11
咽,Horizontal juxtaposition,2
骂,Vertical juxtaposition,1
哗,Horizontal juxtaposition,2
咱,Horizontal juxtaposition,2
响,Horizontal juxtaposition,2
哈,Horizontal juxtaposition,2
咬,Horizontal juxtaposition,2
咳,Horizontal juxtaposition,2
哪,Horizontal juxtaposition,2
炭,Vertical juxtaposition,1
峡,Horizontal juxtaposition,2
罚,Vertical juxtaposition,1
贱,Horizontal juxtaposition,2
贴,Horizontal juxtaposition,2
骨,Vertical juxtaposition,1
钞,Horizontal juxtaposition,2
钟,Horizontal juxtaposition,2
钢,Horizontal juxtaposition,2
钥,Horizontal juxtaposition,2
钩,Horizontal juxtaposition,2
卸,Horizontal juxtaposition,2
缸,Horizontal juxtaposition,2
拜,Horizontal juxtaposition,2
看,Vertical juxtaposition,1
矩,Horizontal juxtaposition,2
怎,Vertical juxtaposition,1
牲,Horizontal juxtaposition,2
选,Lower-left enclosing,9
适,Lower-left enclosing,9
秒,Horizontal juxtaposition,2
香,Vertical juxtaposition,1
种,Horizontal juxtaposition,2
秋,Horizontal juxtaposition,2
科,Horizontal juxtaposition,2
重,Unicomponent,0
复,Vertical juxtaposition,1
竿,Vertical juxtaposition,1
段,Horizontal juxtaposition,2
便,Horizontal juxtaposition,2
俩,Horizontal juxtaposition,2
贷,Vertical juxtaposition,1
顺,Horizontal juxtaposition,2
修,Horizontal juxtaposition,2
保,Horizontal juxtaposition,2
促,Horizontal juxtaposition,2
侮,Horizontal juxtaposition,2
俭,Horizontal juxtaposition,2
俗,Horizontal juxtaposition,2
俘,Horizontal juxtaposition,2
信,Horizontal juxtaposition,2
皇,Vertical juxtaposition,1
泉,Vertical juxtaposition,1
鬼,Unicomponent,0
侵,Horizontal juxtaposition,2
追,Lower-left enclosing,9
俊,Horizontal juxtaposition,2
盾,Upper-left enclosing,3
待,Horizontal juxtaposition,2
律,Horizontal juxtaposition,2
很,Horizontal juxtaposition,2
须,Horizontal juxtaposition,2
叙,Horizontal juxtaposition,2
剑,Horizontal juxtaposition,2
逃,Lower-left enclosing,9
食,Vertical juxtaposition,1
盆,Vertical juxtaposition,1
胆,Horizontal juxtaposition,2
胜,Horizontal juxtaposition,2
胞,Horizontal juxtaposition,2
胖,Horizontal juxtaposition,2
脉,Horizontal juxtaposition,2
勉,Lower-left enclosing,9
狭,Horizontal juxtaposition,2
狮,Horizontal juxtaposition,2
独,Horizontal juxtaposition,2
狡,Horizontal juxtaposition,2
狱,Horizontal trisection,12
狠,Horizontal juxtaposition,2
贸,Vertical juxtaposition,1
怨,Vertical juxtaposition,1
急,Vertical juxtaposition,1
饶,Horizontal juxtaposition,2
蚀,Horizontal juxtaposition,2
饺,Horizontal juxtaposition,2
饼,Horizontal juxtaposition,2
弯,Vertical juxtaposition,1
将,Horizontal juxtaposition,2
奖,Vertical juxtaposition,1
哀,Vertical juxtaposition,1
亭,Vertical juxtaposition,1
亮,Vertical juxtaposition,1
度,Upper-left enclosing,3
迹,Lower-left enclosing,9
庭,Upper-left enclosing,3
疮,Upper-left enclosing,3
疯,Upper-left enclosing,3
疫,Upper-left enclosing,3
疤,Upper-left enclosing,3
姿,Vertical juxtaposition,1
亲,Vertical juxtaposition,1
音,Vertical juxtaposition,1
帝,Vertical juxtaposition,1
施,Horizontal juxtaposition,2
闻,Three-part upper enclosing,5
阀,Three-part upper enclosing,5
阁,Three-part upper enclosing,5
差,Vertical juxtaposition,1
养,Vertical juxtaposition,1
美,Vertical juxtaposition,1
姜,Vertical juxtaposition,1
叛,Horizontal juxtaposition,2
送,Lower-left enclosing,9
类,Vertical juxtaposition,1
迷,Lower-left enclosing,9
前,Vertical juxtaposition,1
首,Vertical juxtaposition,1
逆,Lower-left enclosing,9
总,Vertical juxtaposition,1
炼,Horizontal juxtaposition,2
炸,Horizontal juxtaposition,2
炮,Horizontal juxtaposition,2
烂,Horizontal juxtaposition,2
剃,Horizontal juxtaposition,2
洁,Horizontal juxtaposition,2
洪,Horizontal juxtaposition,2
洒,Horizontal juxtaposition,2
浇,Horizontal juxtaposition,2
浊,Horizontal juxtaposition,2
洞,Horizontal juxtaposition,2
测,Horizontal trisection,12
洗,Horizontal juxtaposition,2
活,Horizontal juxtaposition,2
派,Horizontal juxtaposition,2
洽,Horizontal juxtaposition,2
染,Vertical juxtaposition,1
济,Horizontal juxtaposition,2
洋,Horizontal juxtaposition,2
洲,Horizontal juxtaposition,2
浑,Horizontal juxtaposition,2
浓,Horizontal juxtaposition,2
津,Horizontal juxtaposition,2
恒,Horizontal juxtaposition,2
恢,Horizontal juxtaposition,2
恰,Horizontal juxtaposition,2
恼,Horizontal juxtaposition,2
恨,Horizontal juxtaposition,2
举,Vertical juxtaposition,1
觉,Vertical juxtaposition,1
宣,Vertical juxtaposition,1
室,Vertical juxtaposition,1
宫,Vertical juxtaposition,1
宪,Vertical juxtaposition,1
突,Vertical juxtaposition,1
穿,Vertical juxtaposition,1
窃,Vertical juxtaposition,1
客,Vertical juxtaposition,1
冠,Vertical juxtaposition,1
语,Horizontal juxtaposition,2
扁,Upper-left enclosing,3
袄,Horizontal juxtaposition,2
祖,Horizontal juxtaposition,2
神,Horizontal juxtaposition,2
祝,Horizontal juxtaposition,2
误,Horizontal juxtaposition,2
诱,Horizontal juxtaposition,2
说,Horizontal juxtaposition,2
诵,Horizontal juxtaposition,2
垦,Vertical juxtaposition,1
退,Lower-left enclosing,9
既,Horizontal juxtaposition,2
屋,Upper-left enclosing,3
昼,Vertical juxtaposition,1
费,Vertical juxtaposition,1
陡,Horizontal juxtaposition,2
眉,Upper-left enclosing,3
孩,Horizontal juxtaposition,2
除,Horizontal juxtaposition,2
险,Horizontal juxtaposition,2
院,Horizontal juxtaposition,2
娃,Horizontal juxtaposition,2
姥,Horizontal juxtaposition,2
姨,Horizontal juxtaposition,2
姻,Horizontal juxtaposition,2
娇,Horizontal juxtaposition,2
怒,Vertical juxtaposition,1
架,Vertical juxtaposition,1
贺,Vertical juxtaposition,1
盈,Vertical juxtaposition,1
勇,Vertical juxtaposition,1
怠,Vertical juxtaposition,1
柔,Vertical juxtaposition,1
垒,Vertical juxtaposition,1
绑,Horizontal trisection,12
绒,Horizontal juxtaposition,2
结,Horizontal juxtaposition,2
绕,Horizontal juxtaposition,2
骄,Horizontal juxtaposition,2
绘,Horizontal juxtaposition,2
给,Horizontal juxtaposition,2
骆,Horizontal juxtaposition,2
络,Horizontal juxtaposition,2
绝,Horizontal juxtaposition,2
绞,Horizontal juxtaposition,2
统,Horizontal juxtaposition,2
耕,Horizontal juxtaposition,2
耗,Horizontal juxtaposition,2
艳,Horizontal juxtaposition,2
泰,Vertical juxtaposition,1
珠,Horizontal juxtaposition,2
班,Horizontal trisection,12
素,Vertical juxtaposition,1
蚕,Vertical juxtaposition,1
顽,Horizontal juxtaposition,2
盏,Vertical juxtaposition,1
匪,Semi-enclosing,4
捞,Horizontal juxtaposition,2
栽,Upper-right enclosing,7
捕,Horizontal juxtaposition,2
振,Horizontal juxtaposition,2
载,Upper-right enclosing,7
赶,Lower-left enclosing,9
起,Horizontal juxtaposition,2
盐,Vertical juxtaposition,1
捎,Horizontal juxtaposition,2
捏,Horizontal juxtaposition,2
埋,Horizontal juxtaposition,2
捉,Horizontal juxtaposition,2
捆,Horizontal juxtaposition,2
捐,Horizontal juxtaposition,2
损,Horizontal juxtaposition,2
都,Horizontal juxtaposition,2
哲,Vertical juxtaposition,1
逝,Lower-left enclosing,9
捡,Horizontal juxtaposition,2
换,Horizontal juxtaposition,2
挽,Horizontal juxtaposition,2
热,Vertical juxtaposition,1
恐,Vertical juxtaposition,1
壶,Vertical juxtaposition,1
挨,Horizontal juxtaposition,2
耻,Horizontal juxtaposition,2
耽,Horizontal juxtaposition,2
恭,Vertical juxtaposition,1
莲,Vertical juxtaposition,1
莫,Vertical juxtaposition,1
荷,Vertical juxtaposition,1
获,Vertical juxtaposition,1
晋,Vertical juxtaposition,1
恶,Vertical juxtaposition,1
真,Vertical trisection,10
框,Horizontal juxtaposition,2
桂,Horizontal juxtaposition,2
档,Horizontal juxtaposition,2
桐,Horizontal juxtaposition,2
株,Horizontal juxtaposition,2
桥,Horizontal juxtaposition,2
桃,Horizontal juxtaposition,2
格,Horizontal juxtaposition,2
校,Horizontal juxtaposition,2
核,Horizontal juxtaposition,2
样,Horizontal juxtaposition,2
根,Horizontal juxtaposition,2
索,Vertical juxtaposition,1
哥,Vertical juxtaposition,1
速,Lower-left enclosing,9
逗,Lower-left enclosing,9
栗,Vertical juxtaposition,1
配,Horizontal juxtaposition,2
翅,Lower-left enclosing,9
辱,Vertical juxtaposition,1
唇,Upper-left enclosing,3
夏,Vertical juxtaposition,1
础,Horizontal juxtaposition,2
破,Horizontal juxtaposition,2
原,Upper-left enclosing,3
套,Vertical juxtaposition,1
逐,Lower-left enclosing,9
烈,Vertical juxtaposition,1
殊,Horizontal juxtaposition,2
顾,Horizontal juxtaposition,2
轿,Horizontal juxtaposition,2
较,Horizontal juxtaposition,2
顿,Horizontal juxtaposition,2
毙,Vertical juxtaposition,1
致,Horizontal juxtaposition,2
柴,Vertical juxtaposition,1
桌,Vertical juxtaposition,1
虑,Upper-left enclosing,3
监,Vertical juxtaposition,1
紧,Vertical juxtaposition,1
党,Vertical juxtaposition,1
晒,Horizontal juxtaposition,2
眠,Horizontal juxtaposition,2
晓,Horizontal juxtaposition,2
鸭,Horizontal juxtaposition,2
晃,Vertical juxtaposition,1
晌,Horizontal juxtaposition,2
晕,Vertical juxtaposition,1
蚊,Horizontal juxtaposition,2
哨,Horizontal juxtaposition,2
哭,Vertical juxtaposition,1
恩,Vertical juxtaposition,1
唤,Horizontal juxtaposition,2
啊,Horizontal trisection,12
唉,Horizontal juxtaposition,2
罢,Vertical juxtaposition,1
峰,Horizontal juxtaposition,2
圆,Complete enclosing,8
贼,Horizontal juxtaposition,2
贿,Horizontal juxtaposition,2
钱,Horizontal juxtaposition,2
钳,Horizontal juxtaposition,2
钻,Horizontal juxtaposition,2
铁,Horizontal juxtaposition,2
铃,Horizontal juxtaposition,2
铅,Horizontal juxtaposition,2
缺,Horizontal juxtaposition,2
氧,Upper-right enclosing,7
特,Horizontal juxtaposition,2
牺,Horizontal juxtaposition,2
造,Lower-left enclosing,9
乘,Unicomponent,0
敌,Horizontal juxtaposition,2
秤,Horizontal juxtaposition,2
租,Horizontal juxtaposition,2
积,Horizontal juxtaposition,2
秧,Horizontal juxtaposition,2
秩,Horizontal juxtaposition,2
称,Horizontal juxtaposition,2
秘,Horizontal juxtaposition,2
透,Lower-left enclosing,9
笔,Vertical juxtaposition,1
笑,Vertical juxtaposition,1
笋,Vertical juxtaposition,1
债,Horizontal juxtaposition,2
借,Horizontal juxtaposition,2
值,Horizontal juxtaposition,2
倚,Horizontal juxtaposition,2
倾,Horizontal juxtaposition,2
倒,Horizontal juxtaposition,2
倘,Horizontal juxtaposition,2
俱,Horizontal juxtaposition,2
倡,Horizontal juxtaposition,2
候,Horizontal juxtaposition,2
俯,Horizontal juxtaposition,2
倍,Horizontal juxtaposition,2
倦,Horizontal juxtaposition,2
健,Horizontal juxtaposition,2
臭,Vertical juxtaposition,1
射,Horizontal juxtaposition,2
躬,Horizontal juxtaposition,2
息,Vertical juxtaposition,1
徒,Horizontal juxtaposition,2
徐,Horizontal juxtaposition,2
舰,Horizontal juxtaposition,2
舱,Horizontal juxtaposition,2
般,Horizontal juxtaposition,2
航,Horizontal juxtaposition,2
途,Lower-left enclosing,9
拿,Vertical juxtaposition,1
爹,Vertical juxtaposition,1
爱,Vertical juxtaposition,1
颂,Horizontal juxtaposition,2
翁,Vertical juxtaposition,1
脆,Horizontal juxtaposition,2
脂,Horizontal juxtaposition,2
胸,Horizontal juxtaposition,2
胳,Horizontal juxtaposition,2
脏,Horizontal juxtaposition,2
胶,Horizontal juxtaposition,2
脑,Horizontal juxtaposition,2
狸,Horizontal juxtaposition,2
狼,Horizontal juxtaposition,2
逢,Lower-left enclosing,9
留,Vertical juxtaposition,1
皱,Horizontal juxtaposition,2
饿,Horizontal juxtaposition,2
恋,Vertical juxtaposition,1
桨,Vertical juxtaposition,1
浆,Vertical juxtaposition,1
衰,Vertical juxtaposition,1
高,Vertical juxtaposition,1
席,Upper-left enclosing,3
准,Horizontal juxtaposition,2
座,Upper-left enclosing,3
症,Upper-left enclosing,3
病,Upper-left enclosing,3
疾,Upper-left enclosing,3
疼,Upper-left enclosing,3
疲,Upper-left enclosing,3
脊,Vertical juxtaposition,1
效,Horizontal juxtaposition,2
离,Vertical juxtaposition,1
唐,Upper-left enclosing,3
资,Vertical juxtaposition,1
凉,Horizontal juxtaposition,2
站,Horizontal juxtaposition,2
剖,Horizontal juxtaposition,2
竞,Vertical trisection,10
部,Horizontal juxtaposition,2
旁,Vertical trisection,10
旅,Horizontal juxtaposition,2
畜,Vertical juxtaposition,1
阅,Three-part upper enclosing,5
羞,Vertical juxtaposition,1
瓶,Horizontal juxtaposition,2
拳,Vertical juxtaposition,1
粉,Horizontal juxtaposition,2
料,Horizontal juxtaposition,2
益,Vertical juxtaposition,1
兼,Vertical juxtaposition,1
烤,Horizontal juxtaposition,2
烘,Horizontal juxtaposition,2
烦,Horizontal juxtaposition,2
烧,Horizontal juxtaposition,2
烛,Horizontal juxtaposition,2
烟,Horizontal juxtaposition,2
递,Lower-left enclosing,9
涛,Horizontal juxtaposition,2
浙,Horizontal trisection,12
涝,Horizontal juxtaposition,2
酒,Horizontal juxtaposition,2
涉,Horizontal juxtaposition,2
消,Horizontal juxtaposition,2
浩,Horizontal juxtaposition,2
海,Horizontal juxtaposition,2
涂,Horizontal juxtaposition,2
浴,Horizontal juxtaposition,2
浮,Horizontal juxtaposition,2
流,Horizontal juxtaposition,2
润,Horizontal juxtaposition,2
浪,Horizontal juxtaposition,2
浸,Horizontal juxtaposition,2
涨,Horizontal trisection,12
烫,Vertical juxtaposition,1
涌,Horizontal juxtaposition,2
悟,Horizontal juxtaposition,2
悄,Horizontal juxtaposition,2
悔,Horizontal juxtaposition,2
悦,Horizontal juxtaposition,2
害,Vertical trisection,10
宽,Vertical juxtaposition,1
家,Vertical juxtaposition,1
宵,Vertical juxtaposition,1
宴,Vertical trisection,10
宾,Vertical juxtaposition,1
窄,Vertical juxtaposition,1
容,Vertical juxtaposition,1
宰,Vertical juxtaposition,1
案,Vertical juxtaposition,1
请,Horizontal juxtaposition,2
朗,Horizontal juxtaposition,2
诸,Horizontal juxtaposition,2
读,Horizontal juxtaposition,2
扇,Upper-left enclosing,3
袜,Horizontal juxtaposition,2
袖,Horizontal juxtaposition,2
袍,Horizontal juxtaposition,2
被,Horizontal juxtaposition,2
祥,Horizontal juxtaposition,2
课,Horizontal juxtaposition,2
谁,Horizontal juxtaposition,2
调,Horizontal juxtaposition,2
冤,Vertical juxtaposition,1
谅,Horizontal juxtaposition,2
谈,Horizontal juxtaposition,2
谊,Horizontal juxtaposition,2
剥,Horizontal juxtaposition,2
恳,Vertical juxtaposition,1
展,Upper-left enclosing,3
剧,Horizontal juxtaposition,2
屑,Upper-left enclosing,3
弱,Horizontal juxtaposition,2
陵,Horizontal juxtaposition,2
陶,Horizontal juxtaposition,2
陷,Horizontal juxtaposition,2
陪,Horizontal juxtaposition,2
娱,Horizontal juxtaposition,2
娘,Horizontal juxtaposition,2
通,Lower-left enclosing,9
能,Horizontal juxtaposition,2
难,Horizontal juxtaposition,2
预,Horizontal juxtaposition,2
桑,Vertical juxtaposition,1
绢,Horizontal juxtaposition,2
绣,Horizontal juxtaposition,2
验,Horizontal juxtaposition,2
继,Horizontal juxtaposition,2
球,Horizontal juxtaposition,2
理,Horizontal juxtaposition,2
捧,Horizontal juxtaposition,2
堵,Horizontal juxtaposition,2
描,Horizontal juxtaposition,2
域,Horizontal juxtaposition,2
掩,Horizontal juxtaposition,2
捷,Horizontal juxtaposition,2
排,Horizontal juxtaposition,2
掉,Horizontal juxtaposition,2
推,Horizontal juxtaposition,2
堆,Horizontal juxtaposition,2
掀,Horizontal trisection,12
授,Horizontal juxtaposition,2
教,Horizontal juxtaposition,2
掏,Horizontal juxtaposition,2
掠,Horizontal juxtaposition,2
培,Horizontal juxtaposition,2
接,Horizontal juxtaposition,2
控,Horizontal juxtaposition,2
探,Horizontal juxtaposition,2
据,Horizontal juxtaposition,2
掘,Horizontal juxtaposition,2
职,Horizontal juxtaposition,2
基,Vertical juxtaposition,1
著,Vertical juxtaposition,1
勒,Horizontal juxtaposition,2
黄,Vertical trisection,10
萌,Vertical juxtaposition,1
萝,Vertical juxtaposition,1
菌,Vertical juxtaposition,1
菜,Vertical juxtaposition,1
萄,Vertical juxtaposition,1
菊,Vertical juxtaposition,1
萍,Horizontal juxtaposition,2
菠,Vertical juxtaposition,1
营,Vertical trisection,10
械,Horizontal juxtaposition,2
梦,Vertical juxtaposition,1
梢,Horizontal juxtaposition,2
梅,Horizontal juxtaposition,2
检,Horizontal juxtaposition,2
梳,Horizontal juxtaposition,2
梯,Horizontal juxtaposition,2
桶,Horizontal juxtaposition,2
救,Horizontal juxtaposition,2
副,Horizontal juxtaposition,2
票,Vertical juxtaposition,1
戚,Upper-left enclosing,3
爽,Embedded,13
聋,Vertical juxtaposition,1
袭,Vertical juxtaposition,1
盛,Vertical juxtaposition,1
雪,Vertical juxtaposition,1
辅,Horizontal juxtaposition,2
辆,Horizontal juxtaposition,2
虚,Upper-left enclosing,3
雀,Vertical juxtaposition,1
堂,Vertical juxtaposition,1
常,Vertical juxtaposition,1
匙,Lower-left enclosing,9
晨,Vertical juxtaposition,1
睁,Horizontal juxtaposition,2
眯,Horizontal juxtaposition,2
眼,Horizontal juxtaposition,2
悬,Vertical juxtaposition,1
野,Horizontal juxtaposition,2
啦,Horizontal trisection,12
晚,Horizontal juxtaposition,2
啄,Horizontal juxtaposition,2
距,Horizontal juxtaposition,2
跃,Horizontal juxtaposition,2
略,Horizontal juxtaposition,2
蛇,Horizontal juxtaposition,2
累,Vertical juxtaposition,1
唱,Horizontal juxtaposition,2
患,Vertical juxtaposition,1
唯,Horizontal juxtaposition,2
崖,Vertical juxtaposition,1
崭,Vertical juxtaposition,1
崇,Vertical juxtaposition,1
圈,Complete enclosing,8
铜,Horizontal juxtaposition,2
铲,Horizontal juxtaposition,2
银,Horizontal juxtaposition,2
甜,Horizontal juxtaposition,2
梨,Vertical juxtaposition,1
犁,Vertical juxtaposition,1
移,Horizontal juxtaposition,2
笨,Vertical juxtaposition,1
笼,Vertical juxtaposition,1
笛,Vertical juxtaposition,1
符,Vertical juxtaposition,1
第,Vertical juxtaposition,1
敏,Horizontal juxtaposition,2
做,Horizontal trisection,12
袋,Vertical juxtaposition,1
悠,Vertical juxtaposition,1
偿,Horizontal juxtaposition,2
偶,Horizontal juxtaposition,2
偷,Horizontal juxtaposition,2
您,Vertical juxtaposition,1
售,Vertical juxtaposition,1
停,Horizontal juxtaposition,2
偏,Horizontal juxtaposition,2
假,Horizontal trisection,12
得,Horizontal juxtaposition,2
衔,Horizontal trisection,12
盘,Vertical juxtaposition,1
船,Horizontal juxtaposition,2
斜,Horizontal juxtaposition,2
盒,Vertical juxtaposition,1
鸽,Horizontal juxtaposition,2
悉,Vertical juxtaposition,1
欲,Horizontal juxtaposition,2
彩,Horizontal juxtaposition,2
领,Horizontal juxtaposition,2
脚,Horizontal trisection,12
脖,Horizontal juxtaposition,2
脸,Horizontal juxtaposition,2
脱,Horizontal juxtaposition,2
象,Vertical juxtaposition,1
够,Horizontal juxtaposition,2
猜,Horizontal juxtaposition,2
猪,Horizontal juxtaposition,2
猎,Horizontal juxtaposition,2
猫,Horizontal juxtaposition,2
猛,Horizontal juxtaposition,2
馅,Horizontal juxtaposition,2
馆,Horizontal juxtaposition,2
凑,Horizontal juxtaposition,2
减,Horizontal juxtaposition,2
毫,Vertical juxtaposition,1
麻,Upper-left enclosing,3
痒,Upper-left enclosing,3
痕,Upper-left enclosing,3
廊,Upper-left enclosing,3
康,Upper-left enclosing,3
庸,Upper-left enclosing,3
鹿,Upper-left enclosing,3
盗,Vertical juxtaposition,1
章,Vertical trisection,10
竟,Vertical trisection,10
商,Vertical juxtaposition,1
族,Horizontal juxtaposition,2
旋,Horizontal juxtaposition,2
望,Vertical juxtaposition,1
率,Vertical juxtaposition,1
着,Vertical juxtaposition,1
盖,Vertical juxtaposition,1
粘,Horizontal juxtaposition,2
粗,Horizontal juxtaposition,2
粒,Horizontal juxtaposition,2
断,Horizontal juxtaposition,2
剪,Vertical juxtaposition,1
兽,Vertical trisection,10
清,Horizontal juxtaposition,2
添,Horizontal juxtaposition,2
淋,Horizontal trisection,12
淹,Horizontal juxtaposition,2
渠,Vertical juxtaposition,1
渐,Horizontal trisection,12
混,Horizontal juxtaposition,2
渔,Horizontal juxtaposition,2
淘,Horizontal juxtaposition,2
液,Horizontal juxtaposition,2
淡,Horizontal juxtaposition,2
深,Horizontal juxtaposition,2
婆,Vertical juxtaposition,1
梁,Vertical juxtaposition,1
渗,Horizontal juxtaposition,2
情,Horizontal juxtaposition,2
惜,Horizontal juxtaposition,2
惭,Horizontal trisection,12
悼,Horizontal juxtaposition,2
惧,Horizontal juxtaposition,2
惕,Horizontal juxtaposition,2
惊,Horizontal juxtaposition,2
惨,Horizontal juxtaposition,2
惯,Horizontal juxtaposition,2
寇,Vertical juxtaposition,1
寄,Vertical juxtaposition,1
宿,Vertical juxtaposition,1
窑,Vertical juxtaposition,1
密,Vertical juxtaposition,1
谋,Horizontal juxtaposition,2
谎,Horizontal juxtaposition,2
祸,Horizontal juxtaposition,2
谜,Horizontal juxtaposition,2
逮,Lower-left enclosing,9
敢,Horizontal juxtaposition,2
屠,Upper-left enclosing,3
弹,Horizontal juxtaposition,2
随,Horizontal juxtaposition,2
蛋,Vertical juxtaposition,1
隆,Horizontal juxtaposition,2
隐,Horizontal juxtaposition,2
婚,Horizontal juxtaposition,2
婶,Horizontal juxtaposition,2
颈,Horizontal juxtaposition,2
绩,Horizontal juxtaposition,2
绪,Horizontal juxtaposition,2
续,Horizontal juxtaposition,2
骑,Horizontal juxtaposition,2
绳,Horizontal juxtaposition,2
维,Horizontal juxtaposition,2
绵,Horizontal juxtaposition,2
绸,Horizontal juxtaposition,2
绿,Horizontal juxtaposition,2
琴,Vertical juxtaposition,1
斑,Horizontal trisection,12
替,Vertical juxtaposition,1
款,Horizontal juxtaposition,2
堪,Horizontal juxtaposition,2
塔,Horizontal juxtaposition,2
搭,Horizontal juxtaposition,2
越,Lower-left enclosing,9
趁,Lower-left enclosing,9
趋,Lower-left enclosing,9
超,Lower-left enclosing,9
堤,Horizontal juxtaposition,2
提,Horizontal juxtaposition,2
博,Horizontal juxtaposition,2
揭,Horizontal juxtaposition,2
喜,Vertical juxtaposition,1
插,Horizontal juxtaposition,2
揪,Horizontal juxtaposition,2
搜,Horizontal juxtaposition,2
煮,Vertical juxtaposition,1
援,Horizontal juxtaposition,2
裁,Upper-right enclosing,7
搁,Horizontal juxtaposition,2
搂,Horizontal juxtaposition,2
搅,Horizontal juxtaposition,2
握,Horizontal juxtaposition,2
揉,Horizontal juxtaposition,2
斯,Horizontal juxtaposition,2
期,Horizontal juxtaposition,2
欺,Horizontal juxtaposition,2
联,Horizontal juxtaposition,2
散,Horizontal juxtaposition,2
惹,Vertical trisection,10
葬,Vertical trisection,10
葛,Vertical juxtaposition,1
董,Vertical juxtaposition,1
葡,Vertical juxtaposition,1
敬,Horizontal juxtaposition,2
葱,Vertical trisection,10
落,Vertical juxtaposition,1
朝,Horizontal juxtaposition,2
辜,Vertical juxtaposition,1
葵,Vertical juxtaposition,1
棒,Horizontal juxtaposition,2
棋,Horizontal juxtaposition,2
植,Horizontal juxtaposition,2
森,Trigram,11
椅,Horizontal juxtaposition,2
椒,Horizontal juxtaposition,2
棵,Horizontal juxtaposition,2
棍,Horizontal juxtaposition,2
棉,Horizontal juxtaposition,2
棚,Horizontal trisection,12
棕,Horizontal juxtaposition,2
惠,Vertical juxtaposition,1
惑,Vertical juxtaposition,1
逼,Lower-left enclosing,9
厨,Upper-left enclosing,3
厦,Upper-left enclosing,3
硬,Horizontal juxtaposition,2
确,Horizontal juxtaposition,2
雁,Upper-left enclosing,3
殖,Horizontal juxtaposition,2
裂,Vertical juxtaposition,1
雄,Horizontal juxtaposition,2
暂,Vertical juxtaposition,1
雅,Horizontal juxtaposition,2
辈,Vertical juxtaposition,1
悲,Vertical juxtaposition,1
紫,Vertical juxtaposition,1
辉,Horizontal juxtaposition,2
敞,Horizontal juxtaposition,2
赏,Vertical juxtaposition,1
掌,Vertical juxtaposition,1
晴,Horizontal juxtaposition,2
暑,Vertical juxtaposition,1
最,Vertical juxtaposition,1
量,Vertical juxtaposition,1
喷,Horizontal juxtaposition,2
晶,Trigram,11
喇,Horizontal juxtaposition,2
遇,Lower-left enclosing,9
喊,Horizontal juxtaposition,2
景,Vertical juxtaposition,1
践,Horizontal juxtaposition,2
跌,Horizontal juxtaposition,2
跑,Horizontal juxtaposition,2
遗,Lower-left enclosing,9
蛙,Horizontal juxtaposition,2
蛛,Horizontal juxtaposition,2
蜓,Horizontal juxtaposition,2
喝,Horizontal juxtaposition,2
喂,Horizontal juxtaposition,2
喘,Horizontal juxtaposition,2
喉,Horizontal juxtaposition,2
幅,Horizontal juxtaposition,2
帽,Horizontal juxtaposition,2
赌,Horizontal juxtaposition,2
赔,Horizontal juxtaposition,2
黑,Vertical juxtaposition,1
铸,Horizontal juxtaposition,2
铺,Horizontal juxtaposition,2
链,Horizontal juxtaposition,2
销,Horizontal juxtaposition,2
锁,Horizontal juxtaposition,2
锄,Horizontal juxtaposition,2
锅,Horizontal juxtaposition,2
锈,Horizontal juxtaposition,2
锋,Horizontal juxtaposition,2
锐,Horizontal juxtaposition,2
短,Horizontal juxtaposition,2
智,Vertical juxtaposition,1
毯,Lower-left enclosing,9
鹅,Horizontal juxtaposition,2
剩,Horizontal juxtaposition,2
稍,Horizontal juxtaposition,2
程,Horizontal juxtaposition,2
稀,Horizontal juxtaposition,2
税,Horizontal juxtaposition,2
筐,Vertical juxtaposition,1
等,Vertical juxtaposition,1
筑,Vertical juxtaposition,1
策,Vertical juxtaposition,1
筛,Vertical juxtaposition,1
筒,Vertical juxtaposition,1
答,Vertical juxtaposition,1
筋,Vertical juxtaposition,1
筝,Vertical juxtaposition,1
傲,Horizontal trisection,12
傅,Horizontal juxtaposition,2
牌,Horizontal juxtaposition,2
堡,Vertical juxtaposition,1
集,Vertical juxtaposition,1
焦,Vertical juxtaposition,1
傍,Horizontal juxtaposition,2
储,Horizontal trisection,12
奥,Vertical juxtaposition,1
街,Horizontal trisection,12
惩,Vertical juxtaposition,1
御,Horizontal juxtaposition,2
循,Horizontal juxtaposition,2
艇,Horizontal juxtaposition,2
舒,Horizontal juxtaposition,2
番,Vertical juxtaposition,1
释,Horizontal juxtaposition,2
禽,Vertical juxtaposition,1
腊,Horizontal juxtaposition,2
脾,Horizontal juxtaposition,2
腔,Horizontal juxtaposition,2
鲁,Vertical juxtaposition,1
猾,Horizontal juxtaposition,2
猴,Horizontal juxtaposition,2
然,Vertical juxtaposition,1
馋,Horizontal juxtaposition,2
装,Vertical juxtaposition,1
蛮,Vertical juxtaposition,1
就,Horizontal juxtaposition,2
痛,Upper-left enclosing,3
童,Vertical juxtaposition,1
阔,Three-part upper enclosing,5
善,Vertical juxtaposition,1
羡,Vertical juxtaposition,1
普,Vertical juxtaposition,1
粪,Vertical juxtaposition,1
尊,Vertical juxtaposition,1
道,Lower-left enclosing,9
曾,Vertical juxtaposition,1
焰,Horizontal juxtaposition,2
港,Horizontal juxtaposition,2
湖,Horizontal trisection,12
渣,Horizontal juxtaposition,2
湿,Horizontal juxtaposition,2
温,Horizontal juxtaposition,2
渴,Horizontal juxtaposition,2
滑,Horizontal juxtaposition,2
湾,Horizontal juxtaposition,2
渡,Horizontal juxtaposition,2
游,Horizontal trisection,12
滋,Horizontal juxtaposition,2
溉,Horizontal juxtaposition,2
愤,Horizontal juxtaposition,2
慌,Horizontal juxtaposition,2
惰,Horizontal juxtaposition,2
愧,Horizontal juxtaposition,2
愉,Horizontal juxtaposition,2
慨,Horizontal trisection,12
割,Horizontal juxtaposition,2
寒,Vertical juxtaposition,1
富,Vertical juxtaposition,1
窜,Vertical juxtaposition,1
窝,Vertical juxtaposition,1
窗,Vertical juxtaposition,1
遍,Lower-left enclosing,9
裕,Horizontal juxtaposition,2
裤,Horizontal juxtaposition,2
裙,Horizontal juxtaposition,2
谢,Horizontal trisection,12
谣,Horizontal juxtaposition,2
谦,Horizontal juxtaposition,2
属,Upper-left enclosing,3
屡,Upper-left enclosing,3
强,Horizontal juxtaposition,2
粥,Horizontal trisection,12
疏,Horizontal juxtaposition,2
隔,Horizontal juxtaposition,2
隙,Horizontal juxtaposition,2
絮,Vertical juxtaposition,1
嫂,Horizontal juxtaposition,2
登,Vertical juxtaposition,1
缎,Horizontal juxtaposition,2
缓,Horizontal juxtaposition,2
骗,Horizontal juxtaposition,2
编,Horizontal juxtaposition,2
缘,Horizontal juxtaposition,2
瑞,Horizontal juxtaposition,2
魂,Horizontal juxtaposition,2
肆,Horizontal juxtaposition,2
摄,Horizontal juxtaposition,2
摸,Horizontal juxtaposition,2
填,Horizontal juxtaposition,2
搏,Horizontal juxtaposition,2
塌,Horizontal juxtaposition,2
鼓,Horizontal juxtaposition,2
摆,Horizontal juxtaposition,2
携,Horizontal juxtaposition,2
搬,Horizontal trisection,12
摇,Horizontal juxtaposition,2
搞,Horizontal juxtaposition,2
塘,Horizontal juxtaposition,2
摊,Horizontal trisection,12
蒜,Vertical juxtaposition,1
勤,Horizontal juxtaposition,2
鹊,Horizontal juxtaposition,2
蓝,Vertical juxtaposition,1
墓,Vertical juxtaposition,1
幕,Vertical juxtaposition,1
蓬,Vertical juxtaposition,1
蓄,Vertical juxtaposition,1
蒙,Vertical juxtaposition,1
蒸,Vertical trisection,10
献,Horizontal juxtaposition,2
禁,Vertical juxtaposition,1
楚,Vertical juxtaposition,1
想,Vertical juxtaposition,1
槐,Horizontal juxtaposition,2
榆,Horizontal juxtaposition,2
楼,Horizontal juxtaposition,2
概,Horizontal juxtaposition,2
赖,Horizontal juxtaposition,2
酬,Horizontal juxtaposition,2
感,Vertical juxtaposition,1
碍,Horizontal juxtaposition,2
碑,Horizontal juxtaposition,2
碎,Horizontal juxtaposition,2
碰,Horizontal juxtaposition,2
碗,Horizontal juxtaposition,2
碌,Horizontal juxtaposition,2
雷,Vertical juxtaposition,1
零,Vertical juxtaposition,1
雾,Vertical juxtaposition,1
雹,Vertical juxtaposition,1
输,Horizontal juxtaposition,2
督,Vertical juxtaposition,1
龄,Horizontal juxtaposition,2
鉴,Vertical juxtaposition,1
睛,Horizontal juxtaposition,2
睡,Horizontal juxtaposition,2
睬,Horizontal juxtaposition,2
鄙,Horizontal juxtaposition,2
愚,Vertical juxtaposition,1
暖,Horizontal juxtaposition,2
盟,Vertical juxtaposition,1
歇,Horizontal juxtaposition,2
暗,Horizontal juxtaposition,2
照,Vertical juxtaposition,1
跨,Horizontal juxtaposition,2
跳,Horizontal juxtaposition,2
跪,Horizontal juxtaposition,2
路,Horizontal juxtaposition,2
跟,Horizontal juxtaposition,2
遣,Lower-left enclosing,9
蛾,Horizontal juxtaposition,2
蜂,Horizontal juxtaposition,2
嗓,Horizontal juxtaposition,2
置,Vertical juxtaposition,1
罪,Vertical juxtaposition,1
罩,Vertical juxtaposition,1
错,Horizontal juxtaposition,2
锡,Horizontal juxtaposition,2
锣,Horizontal juxtaposition,2
锤,Horizontal juxtaposition,2
锦,Horizontal juxtaposition,2
键,Horizontal juxtaposition,2
锯,Horizontal juxtaposition,2
矮,Horizontal juxtaposition,2
辞,Horizontal juxtaposition,2
稠,Horizontal juxtaposition,2
愁,Vertical juxtaposition,1
筹,Vertical juxtaposition,1
签,Vertical juxtaposition,1
简,Vertical juxtaposition,1
毁,Horizontal juxtaposition,2
舅,Vertical juxtaposition,1
鼠,Vertical juxtaposition,1
催,Horizontal juxtaposition,2
傻,Horizontal juxtaposition,2
像,Horizontal juxtaposition,2
躲,Horizontal juxtaposition,2
微,Horizontal trisection,12
愈,Vertical juxtaposition,1
遥,Lower-left enclosing,9
腰,Horizontal juxtaposition,2
腥,Horizontal juxtaposition,2
腹,Horizontal juxtaposition,2
腾,Horizontal juxtaposition,2
腿,Horizontal juxtaposition,2
触,Horizontal juxtaposition,2
解,Horizontal juxtaposition,2
酱,Vertical juxtaposition,1
痰,Upper-left enclosing,3
廉,Upper-left enclosing,3
新,Horizontal juxtaposition,2
韵,Horizontal juxtaposition,2
意,Vertical trisection,10
粮,Horizontal juxtaposition,2
数,Horizontal juxtaposition,2
煎,Vertical juxtaposition,1
塑,Vertical juxtaposition,1
慈,Vertical juxtaposition,1
煤,Horizontal juxtaposition,2
煌,Horizontal juxtaposition,2
满,Horizontal juxtaposition,2
漠,Horizontal juxtaposition,2
源,Horizontal juxtaposition,2
滤,Horizontal juxtaposition,2
滥,Horizontal juxtaposition,2
滔,Horizontal juxtaposition,2
溪,Horizontal juxtaposition,2
溜,Horizontal juxtaposition,2
滚,Horizontal juxtaposition,2
滨,Horizontal juxtaposition,2
粱,Vertical juxtaposition,1
滩,Horizontal trisection,12
慎,Horizontal juxtaposition,2
誉,Vertical juxtaposition,1
塞,Vertical trisection,10
谨,Horizontal juxtaposition,2
福,Horizontal juxtaposition,2
群,Horizontal juxtaposition,2
殿,Horizontal juxtaposition,2
辟,Horizontal juxtaposition,2
障,Horizontal juxtaposition,2
嫌,Horizontal juxtaposition,2
嫁,Horizontal juxtaposition,2
叠,Vertical juxtaposition,1
缝,Horizontal juxtaposition,2
缠,Horizontal juxtaposition,2
静,Horizontal juxtaposition,2
碧,Vertical juxtaposition,1
璃,Horizontal juxtaposition,2
墙,Horizontal juxtaposition,2
嘉,Vertical juxtaposition,1
摧,Horizontal juxtaposition,2
截,Upper-right enclosing,7
誓,Vertical juxtaposition,1
境,Horizontal juxtaposition,2
摘,Horizontal juxtaposition,2
摔,Horizontal juxtaposition,2
撇,Horizontal trisection,12
聚,Vertical juxtaposition,1
慕,Vertical juxtaposition,1
暮,Vertical juxtaposition,1
蔑,Vertical trisection,10
蔽,Vertical juxtaposition,1
模,Horizontal juxtaposition,2
榴,Horizontal juxtaposition,2
榜,Horizontal juxtaposition,2
榨,Horizontal juxtaposition,2
歌,Horizontal juxtaposition,2
遭,Lower-left enclosing,9
酷,Horizontal juxtaposition,2
酿,Horizontal juxtaposition,2
酸,Horizontal juxtaposition,2
磁,Horizontal juxtaposition,2
愿,Upper-left enclosing,3
需,Vertical juxtaposition,1
裳,Vertical juxtaposition,1
颗,Horizontal juxtaposition,2
嗽,Horizontal trisection,12
蜻,Horizontal juxtaposition,2
蜡,Horizontal juxtaposition,2
蝇,Horizontal juxtaposition,2
蜘,Horizontal trisection,12
赚,Horizontal juxtaposition,2
锹,Horizontal trisection,12
锻,Horizontal juxtaposition,2
舞,Vertical juxtaposition,1
稳,Horizontal juxtaposition,2
算,Vertical juxtaposition,1
箩,Vertical juxtaposition,1
管,Vertical juxtaposition,1
僚,Horizontal juxtaposition,2
鼻,Vertical trisection,10
魄,Horizontal juxtaposition,2
貌,Horizontal juxtaposition,2
膜,Horizontal juxtaposition,2
膊,Horizontal juxtaposition,2
膀,Horizontal juxtaposition,2
鲜,Horizontal juxtaposition,2
疑,Horizontal juxtaposition,2
馒,Horizontal juxtaposition,2
裹,Vertical trisection,10
敲,Horizontal juxtaposition,2
豪,Vertical juxtaposition,1
膏,Vertical juxtaposition,1
遮,Lower-left enclosing,9
腐,Upper-left enclosing,3
瘦,Upper-left enclosing,3
辣,Horizontal juxtaposition,2
竭,Horizontal juxtaposition,2
端,Horizontal juxtaposition,2
旗,Horizontal juxtaposition,2
精,Horizontal juxtaposition,2
歉,Horizontal juxtaposition,2
弊,Vertical juxtaposition,1
熄,Horizontal juxtaposition,2
熔,Horizontal juxtaposition,2
漆,Horizontal juxtaposition,2
漂,Horizontal juxtaposition,2
漫,Horizontal juxtaposition,2
滴,Horizontal juxtaposition,2
演,Horizontal juxtaposition,2
漏,Horizontal juxtaposition,2
慢,Horizontal juxtaposition,2
寨,Vertical trisection,10
赛,Vertical juxtaposition,1
察,Vertical juxtaposition,1
蜜,Vertical juxtaposition,1
谱,Horizontal juxtaposition,2
嫩,Horizontal trisection,12
翠,Vertical juxtaposition,1
熊,Vertical juxtaposition,1
凳,Vertical juxtaposition,1
骡,Horizontal juxtaposition,2
缩,Horizontal juxtaposition,2
慧,Vertical juxtaposition,1
撕,Horizontal trisection,12
撒,Horizontal trisection,12
趣,Lower-left enclosing,9
趟,Lower-left enclosing,9
撑,Horizontal juxtaposition,2
播,Horizontal juxtaposition,2
撞,Horizontal juxtaposition,2
撤,Horizontal trisection,12
增,Horizontal juxtaposition,2
聪,Horizontal juxtaposition,2
鞋,Horizontal juxtaposition,2
蕉,Vertical juxtaposition,1
蔬,Vertical juxtaposition,1
横,Horizontal juxtaposition,2
槽,Horizontal juxtaposition,2
樱,Horizontal juxtaposition,2
橡,Horizontal juxtaposition,2
飘,Horizontal juxtaposition,2
醋,Horizontal juxtaposition,2
醉,Horizontal juxtaposition,2
震,Vertical juxtaposition,1
霉,Vertical juxtaposition,1
瞒,Horizontal juxtaposition,2
题,Lower-left enclosing,9
暴,Vertical juxtaposition,1
瞎,Horizontal juxtaposition,2
影,Horizontal juxtaposition,2
踢,Horizontal juxtaposition,2
踏,Horizontal juxtaposition,2
踩,Horizontal juxtaposition,2
踪,Horizontal juxtaposition,2
蝶,Horizontal juxtaposition,2
蝴,Horizontal trisection,12
嘱,Horizontal juxtaposition,2
墨,Vertical juxtaposition,1
镇,Horizontal juxtaposition,2
靠,Vertical juxtaposition,1
稻,Horizontal juxtaposition,2
黎,Vertical juxtaposition,1
稿,Horizontal juxtaposition,2
稼,Horizontal juxtaposition,2
箱,Vertical juxtaposition,1
箭,Vertical juxtaposition,1
篇,Vertical juxtaposition,1
僵,Horizontal juxtaposition,2
躺,Horizontal juxtaposition,2
僻,Horizontal juxtaposition,2
德,Horizontal juxtaposition,2
艘,Horizontal juxtaposition,2
膝,Horizontal juxtaposition,2
膛,Horizontal juxtaposition,2
熟,Vertical juxtaposition,1
摩,Upper-left enclosing,3
颜,Horizontal juxtaposition,2
毅,Horizontal juxtaposition,2
糊,Horizontal trisection,12
遵,Lower-left enclosing,9
潜,Horizontal juxtaposition,2
潮,Horizontal trisection,12
懂,Horizontal juxtaposition,2
额,Horizontal juxtaposition,2
慰,Vertical juxtaposition,1
劈,Vertical juxtaposition,1
操,Horizontal juxtaposition,2
燕,Vertical trisection,10
薯,Vertical trisection,10
薪,Vertical juxtaposition,1
薄,Vertical juxtaposition,1
颠,Horizontal juxtaposition,2
橘,Horizontal juxtaposition,2
整,Vertical juxtaposition,1
融,Horizontal juxtaposition,2
醒,Horizontal juxtaposition,2
餐,Vertical juxtaposition,1
嘴,Horizontal juxtaposition,2
蹄,Horizontal juxtaposition,2
器,Vertical juxtaposition,1
赠,Horizontal juxtaposition,2
默,Horizontal juxtaposition,2
镜,Horizontal juxtaposition,2
赞,Vertical juxtaposition,1
篮,Vertical juxtaposition,1
邀,Lower-left enclosing,9
衡,Horizontal trisection,12
膨,Horizontal trisection,12
雕,Horizontal juxtaposition,2
磨,Upper-left enclosing,3
凝,Horizontal trisection,12
辨,Horizontal trisection,12
辩,Horizontal trisection,12
糖,Horizontal juxtaposition,2
糕,Horizontal juxtaposition,2
燃,Horizontal juxtaposition,2
澡,Horizontal juxtaposition,2
激,Horizontal juxtaposition,2
懒,Horizontal trisection,12
壁,Vertical juxtaposition,1
避,Lower-left enclosing,9
缴,Horizontal juxtaposition,2
戴,Upper-right enclosing,7
擦,Horizontal juxtaposition,2
鞠,Horizontal juxtaposition,2
藏,Vertical juxtaposition,1
霜,Vertical juxtaposition,1
霞,Vertical juxtaposition,1
瞧,Horizontal juxtaposition,2
蹈,Horizontal juxtaposition,2
螺,Horizontal juxtaposition,2
穗,Horizontal juxtaposition,2
繁,Vertical juxtaposition,1
辫,Horizontal trisection,12
赢,Vertical trisection,10
糟,Horizontal juxtaposition,2
糠,Horizontal juxtaposition,2
燥,Horizontal juxtaposition,2
臂,Vertical juxtaposition,1
翼,Vertical trisection,10
骤,Horizontal juxtaposition,2
鞭,Horizontal juxtaposition,2
覆,Vertical juxtaposition,1
蹦,Horizontal juxtaposition,2
镰,Horizontal juxtaposition,2
翻,Horizontal juxtaposition,2
鹰,Upper-left enclosing,3
警,Vertical juxtaposition,1
攀,Vertical juxtaposition,1
蹲,Horizontal juxtaposition,2
颤,Horizontal juxtaposition,2
瓣,Horizontal trisection,12
爆,Horizontal juxtaposition,2
疆,Horizontal juxtaposition,2
壤,Horizontal juxtaposition,2
耀,Horizontal juxtaposition,2
躁,Horizontal juxtaposition,2
嚼,Horizontal juxtaposition,2
嚷,Horizontal juxtaposition,2
籍,Vertical juxtaposition,1
魔,Upper-left enclosing,3
灌,Horizontal juxtaposition,2
蠢,Vertical juxtaposition,1
霸,Vertical juxtaposition,1
露,Vertical juxtaposition,1
囊,Vertical juxtaposition,1
罐,Horizontal juxtaposition,2
